[Datalogging: Item = 0 | Slave index = 0 (Execute 1) | Experiment index = 0 (Read All (Barebone))]
Timestamp,Timestamp (ms),accel.x,accel.y,accel.z,gyro.x,gyro.y,gyro.z,strain,analog_0,analog_1,current,enc-disp,enc-cont,enc-comm,VB,VG,Temp,Status1,Status2
Mon Sep 26 15:14:38 2016,2,-3804,526,7102,66,2,-31,13203,1067,1021,444,0,0,0,199,206,131,2,1
Mon Sep 26 15:14:38 2016,7,-3802,522,7068,58,0,-22,13264,1068,1022,445,0,0,0,199,206,131,2,1
Mon Sep 26 15:14:38 2016,16,-3816,506,7116,58,-8,-21,12274,1065,1019,453,0,0,0,199,206,131,2,1
Mon Sep 26 15:14:38 2016,27,-3802,514,7092,50,-10,-37,12124,1060,1016,437,0,0,0,199,206,132,2,1
Mon Sep 26 15:14:38 2016,37,-3786,536,7126,54,-11,-36,12212,1070,1020,428,0,0,0,199,206,131,2,1
Mon Sep 26 15:14:38 2016,47,-3800,548,7036,48,1,-41,12092,1061,1016,446,0,0,0,199,206,130,2,1
Mon Sep 26 15:14:38 2016,57,-3794,522,7158,46,-3,-33,12244,1069,1022,430,0,0,0,199,206,131,2,1
Mon Sep 26 15:14:38 2016,67,-3806,506,7148,54,-7,-36,12098,1060,1016,441,0,0,0,199,206,131,2,1
Mon Sep 26 15:14:38 2016,77,-3828,492,7104,53,-9,-39,12297,1068,1022,445,0,0,0,199,206,131,2,1
Mon Sep 26 15:14:38 2016,87,-3820,526,7082,48,-21,-30,12102,1060,1016,449,0,0,0,199,206,132,2,1
Mon Sep 26 15:14:38 2016,97,-3776,522,7150,46,-6,-41,12183,1069,1019,430,0,0,0,199,206,131,2,1
Mon Sep 26 15:14:38 2016,107,-3854,512,7140,50,-1,-12,12066,1060,1017,434,0,0,0,199,206,131,2,1
Mon Sep 26 15:14:38 2016,117,-3804,510,7136,62,1,-7,12154,1067,1019,445,0,0,0,199,206,131,2,1
Mon Sep 26 15:14:38 2016,127,-3746,524,7132,73,22,-15,12067,1060,1017,444,0,0,0,199,206,131,2,1
Mon Sep 26 15:14:38 2016,137,-3834,514,7122,72,16,-16,12164,1067,1019,437,0,0,0,199,206,131,2,1
Mon Sep 26 15:14:38 2016,147,-3820,498,7182,75,14,-15,12084,1063,1017,448,0,0,0,199,206,131,2,1
Mon Sep 26 15:14:38 2016,157,-3822,534,7112,77,20,-15,12103,1061,1018,438,0,0,0,199,206,131,2,1
Mon Sep 26 15:14:38 2016,167,-3836,506,7114,81,17,-12,12012,1059,1017,447,0,0,0,199,206,131,2,1
Mon Sep 26 15:14:38 2016,177,-3852,502,7162,93,19,-11,12067,1061,1018,449,0,0,0,199,206,131,2,1
Mon Sep 26 15:14:38 2016,186,-3844,564,7184,100,9,-15,12018,1061,1018,439,0,0,0,199,206,131,2,1
Mon Sep 26 15:14:38 2016,197,-3818,536,7182,95,13,-13,12136,1059,1019,445,0,0,0,199,206,131,2,1
Mon Sep 26 15:14:38 2016,207,-3820,578,7132,90,13,-11,12069,1060,1018,443,0,0,0,199,206,131,2,1
Mon Sep 26 15:14:38 2016,216,-3802,574,7110,86,9,-15,12130,1059,1018,448,0,0,0,199,206,132,2,1
Mon Sep 26 15:14:38 2016,227,-3812,568,7176,117,34,-3,12035,1060,1019,423,0,0,0,199,206,131,2,1
Mon Sep 26 15:14:38 2016,237,-3892,488,7150,177,63,15,12232,1060,1019,441,0,0,0,199,206,131,2,1
Mon Sep 26 15:14:38 2016,247,-3942,544,7376,261,134,67,12050,1061,1018,435,0,0,0,199,206,131,2,1
Mon Sep 26 15:14:38 2016,257,-4278,546,7300,378,239,104,12356,1068,1018,430,0,0,0,199,206,131,2,1
Mon Sep 26 15:14:38 2016,267,-4252,418,7020,441,207,127,12323,1061,1020,447,0,0,0,199,206,132,2,1
Mon Sep 26 15:14:38 2016,276,-3626,728,7076,455,92,163,12317,1068,1019,451,0,0,0,199,206,131,2,1
Mon Sep 26 15:14:38 2016,287,-3718,894,7242,388,91,137,12074,1063,1021,447,0,0,0,199,206,131,2,1
Mon Sep 26 15:14:38 2016,297,-4024,926,7148,321,136,129,12474,1069,1024,444,0,0,0,199,206,131,2,1
Mon Sep 26 15:14:38 2016,307,-3976,988,7288,271,65,95,12952,1070,1028,439,0,0,0,199,206,132,2,1
Mon Sep 26 15:14:38 2016,317,-4304,756,7208,245,68,78,13379,1069,1027,445,0,0,0,199,206,133,2,1
Mon Sep 26 15:14:38 2016,327,-4032,928,6866,329,-52,83,13404,1068,1028,442,0,0,0,199,206,133,2,1
Mon Sep 26 15:14:38 2016,337,-3384,962,7104,237,-140,3,13383,1069,1028,442,0,0,0,199,206,134,2,1
Mon Sep 26 15:14:38 2016,347,-3218,908,7248,106,-47,-80,13361,1068,1028,438,0,0,0,199,206,133,2,1
Mon Sep 26 15:14:38 2016,357,-3236,1182,7080,-143,135,-231,13398,1070,1029,453,0,0,0,199,206,133,2,1
Mon Sep 26 15:14:38 2016,367,-2762,1268,7122,-233,293,-340,13386,1069,1030,438,0,0,0,199,206,133,2,1
Mon Sep 26 15:14:38 2016,377,-2668,1456,7192,-396,582,-619,13386,1071,1031,439,0,0,0,199,206,133,2,1
Mon Sep 26 15:14:38 2016,387,-3124,540,7732,-523,784,-967,13381,1069,1031,438,0,0,0,199,206,133,2,1
Mon Sep 26 15:14:38 2016,397,-4,764,8082,-459,1530,-1583,13375,1073,1031,439,0,0,0,199,206,133,2,1
Mon Sep 26 15:14:38 2016,407,-906,1864,10238,-476,1708,-1861,13418,1070,1033,438,0,0,0,199,206,133,2,1
Mon Sep 26 15:14:38 2016,417,856,3934,13048,-427,989,-1534,13332,1070,1030,437,0,0,0,199,206,133,2,1
Mon Sep 26 15:14:38 2016,427,1688,4568,15302,13,663,-1035,13309,1069,1029,445,0,0,0,199,206,133,2,1
Mon Sep 26 15:14:38 2016,437,1812,4694,13380,3,-23,-358,13322,1070,1029,437,0,0,0,199,206,133,2,1
Mon Sep 26 15:14:38 2016,447,2798,3498,12182,-108,-485,-102,13341,1070,1030,437,0,0,0,199,206,133,2,1
Mon Sep 26 15:14:38 2016,457,3288,2504,11202,121,-897,219,13360,1070,1030,437,0,0,0,199,206,133,2,1
Mon Sep 26 15:14:38 2016,467,2938,1834,10654,351,-1083,303,13350,1069,1029,439,0,0,0,199,206,132,2,1
Mon Sep 26 15:14:38 2016,477,2676,1762,10700,551,-1370,258,13334,1070,1029,440,0,0,0,199,206,133,2,1
Mon Sep 26 15:14:38 2016,487,2432,1798,10826,568,-1584,187,13324,1069,1029,438,0,0,0,199,206,133,2,1
Mon Sep 26 15:14:38 2016,497,2178,1890,10470,486,-1820,95,13369,1069,1028,444,0,0,0,199,206,133,2,1
Mon Sep 26 15:14:38 2016,507,1936,1866,9986,509,-1906,84,13330,1068,1028,438,0,0,0,199,206,133,2,1
Mon Sep 26 15:14:38 2016,517,1408,2364,9426,546,-1901,145,13338,1068,1026,439,0,0,0,199,206,132,2,1
Mon Sep 26 15:14:38 2016,527,1042,2554,9656,568,-1870,224,13311,1067,1027,437,0,0,0,199,206,133,2,1
Mon Sep 26 15:14:38 2016,537,-326,2754,10242,781,-1956,464,13368,1068,1025,438,0,0,0,199,206,133,2,1
Mon Sep 26 15:14:38 2016,547,-1082,3172,10602,957,-2207,725,13355,1066,1026,439,0,0,0,199,206,133,2,1
Mon Sep 26 15:14:38 2016,557,-968,3646,10366,1034,-2512,1110,13375,1067,1024,441,0,0,0,199,206,133,2,1
Mon Sep 26 15:14:38 2016,567,-794,3700,9298,930,-2589,1310,13369,1067,1024,439,0,0,0,199,206,133,2,1
Mon Sep 26 15:14:38 2016,577,-860,3420,9088,837,-2581,1628,13363,1065,1023,438,0,0,0,199,206,133,2,1
Mon Sep 26 15:14:38 2016,587,-1526,3446,9512,837,-2616,1893,13364,1065,1023,438,0,0,0,199,206,133,2,1
Mon Sep 26 15:14:38 2016,597,-1860,3514,9918,760,-2804,2230,12457,1058,1017,444,0,0,0,199,206,133,2,1
Mon Sep 26 15:14:38 2016,607,-1646,3150,9650,633,-2901,2411,12168,1058,1017,449,0,0,0,199,206,131,2,1
Mon Sep 26 15:14:38 2016,617,-1250,2846,9236,426,-2917,2621,12110,1058,1017,441,0,0,0,199,206,131,2,1
Mon Sep 26 15:14:38 2016,627,-870,2612,8770,237,-2841,2714,12779,1058,1016,454,0,0,0,199,206,131,2,1
Mon Sep 26 15:14:38 2016,637,-796,2336,8620,-48,-2645,2764,12100,1058,1016,438,0,0,0,199,206,132,2,1
Mon Sep 26 15:14:38 2016,647,-994,1898,8870,-104,-2513,2782,12084,1057,1016,440,0,0,0,199,206,131,2,1
Mon Sep 26 15:14:38 2016,657,-1492,1612,9332,-53,-2411,2802,12079,1058,1015,432,0,0,0,199,206,131,2,1
Mon Sep 26 15:14:38 2016,667,-1556,1582,9452,13,-2431,2802,12069,1057,1015,429,0,0,0,199,206,131,2,1
Mon Sep 26 15:14:38 2016,677,-1358,1510,9348,-24,-2454,2700,12132,1058,1015,441,0,0,0,199,206,131,2,1
Mon Sep 26 15:14:38 2016,687,-1422,1340,9170,-65,-2461,2604,12005,1055,1015,438,0,0,0,199,206,131,2,1
Mon Sep 26 15:14:38 2016,697,-1690,1118,9070,-52,-2500,2449,12121,1057,1016,437,0,0,0,199,206,131,2,1
Mon Sep 26 15:14:38 2016,707,-2260,950,9356,21,-2588,2316,12049,1055,1014,445,0,0,0,199,206,131,2,1
Mon Sep 26 15:14:38 2016,717,-2430,922,9184,105,-2847,2118,12047,1057,1013,425,0,0,0,199,206,131,2,1
Mon Sep 26 15:14:38 2016,727,-1946,926,8410,125,-2990,1989,12165,1055,1013,443,0,0,0,199,206,131,2,1
Mon Sep 26 15:14:38 2016,738,-1394,954,7674,113,-2997,1759,12102,1057,1013,434,0,0,0,199,206,131,2,1
Mon Sep 26 15:14:38 2016,748,-1598,1096,7530,61,-2923,1589,12012,1055,1011,436,0,0,0,199,206,131,2,1
Mon Sep 26 15:14:38 2016,758,-1882,1114,7372,20,-2877,1371,12137,1057,1012,434,0,0,0,199,206,131,2,1
Mon Sep 26 15:14:38 2016,768,-1978,1114,7218,11,-2865,1207,12090,1057,1010,450,0,0,0,199,206,131,2,1
Mon Sep 26 15:14:38 2016,777,-1872,1050,6904,78,-2820,1026,12137,1058,1012,432,0,0,0,199,206,131,2,1
Mon Sep 26 15:14:38 2016,787,-2270,802,6972,214,-2795,941,12064,1057,1010,440,0,0,0,199,206,131,2,1
Mon Sep 26 15:14:38 2016,798,-2362,934,7158,414,-2846,798,12253,1057,1011,424,0,0,0,199,206,131,2,1
Mon Sep 26 15:14:38 2016,807,-2602,904,7304,456,-2937,684,12038,1055,1010,442,0,0,0,199,206,131,2,1
Mon Sep 26 15:14:38 2016,817,-3240,526,7606,599,-3228,546,12039,1057,1011,449,0,0,0,199,206,131,2,1
Mon Sep 26 15:14:38 2016,827,-3338,-248,6636,752,-3534,479,12709,1056,1013,436,0,0,0,199,206,131,2,1
Mon Sep 26 15:14:38 2016,837,-2862,-410,5562,879,-3688,388,12040,1057,1010,442,0,0,0,199,206,131,2,1
Mon Sep 26 15:14:38 2016,847,-3462,-582,4724,1045,-3638,127,12177,1056,1008,448,0,0,0,199,206,131,2,1
Mon Sep 26 15:14:38 2016,857,-3850,-418,4372,1024,-3536,-134,12049,1056,1009,442,0,0,0,199,206,131,2,1
Mon Sep 26 15:14:38 2016,867,-4554,-136,3476,853,-3306,-521,12090,1056,1008,444,0,0,0,199,206,131,2,1
Mon Sep 26 15:14:38 2016,876,-4990,24,2368,691,-2907,-833,12091,1056,1009,441,0,0,0,199,206,132,2,1
Mon Sep 26 15:14:38 2016,887,-5900,286,1382,620,-2541,-973,12064,1056,1008,452,0,0,0,199,206,131,2,1
Mon Sep 26 15:14:38 2016,897,-6726,652,1046,484,-2042,-938,12145,1057,1009,442,0,0,0,199,206,131,2,1
Mon Sep 26 15:14:38 2016,906,-7068,1374,-338,259,-1583,-845,12038,1056,1008,444,0,0,0,199,206,131,2,1
Mon Sep 26 15:14:38 2016,916,-7338,1440,-932,-34,-947,-770,11970,1057,1010,441,0,0,0,199,206,131,2,1
Mon Sep 26 15:14:38 2016,927,-8326,1234,-1476,-377,206,-562,12095,1056,1009,441,0,0,0,199,206,131,2,1
Mon Sep 26 15:14:39 2016,937,-9426,1486,-1282,-621,1275,-167,11965,1057,1011,438,0,0,0,199,206,131,2,1
Mon Sep 26 15:14:39 2016,947,-10966,1844,-1272,-892,1983,142,12014,1057,1011,433,0,0,0,199,206,131,2,1
Mon Sep 26 15:14:39 2016,956,-11664,1646,-716,-1288,2992,596,11988,1056,1011,440,0,0,0,199,206,131,2,1
Mon Sep 26 15:14:39 2016,968,-12752,1166,68,-1517,3566,822,11990,1057,1010,437,0,0,0,199,206,131,2,1
Mon Sep 26 15:14:39 2016,978,-12162,1318,-190,-1946,4582,943,11996,1056,1010,442,0,0,0,199,206,131,2,1
Mon Sep 26 15:14:39 2016,987,-10966,1620,476,-2264,5491,851,12005,1058,1010,448,0,0,0,199,206,132,2,1
Mon Sep 26 15:14:39 2016,998,12538,28,16240,-1987,7631,-711,11992,1069,1020,452,0,0,0,199,206,131,2,1
Mon Sep 26 15:14:39 2016,1007,32767,8396,32767,-2465,5685,-179,12042,1078,1033,448,0,0,0,199,206,133,2,1
Mon Sep 26 15:14:39 2016,1017,18014,-808,-14616,-2448,8730,-959,12219,1077,1031,447,0,0,0,199,206,132,2,1
Mon Sep 26 15:14:39 2016,1027,-11800,-9408,2982,-2754,11789,-985,11995,1075,1028,422,0,0,0,199,206,132,2,1
Mon Sep 26 15:14:39 2016,1036,-7302,-11812,17206,-1687,12099,-169,12056,1075,1026,441,0,0,0,199,206,131,2,1
Mon Sep 26 15:14:39 2016,1047,-3676,-9102,5030,1743,12640,-190,12062,1074,1032,452,0,0,0,199,206,132,2,1
Mon Sep 26 15:14:39 2016,1057,-11142,1272,17306,3666,12372,-135,12060,1071,1035,443,0,0,0,199,206,131,2,1
Mon Sep 26 15:14:39 2016,1067,-12862,12502,27418,3308,11490,-153,12093,1062,1033,445,0,0,0,199,206,133,2,1
Mon Sep 26 15:14:39 2016,1077,-32768,20962,12424,-2559,8804,-1340,12186,1050,1022,442,0,0,0,199,206,133,2,1
Mon Sep 26 15:14:39 2016,1087,-9106,-16520,16056,-2922,1447,-874,12025,1048,1017,448,0,0,0,199,206,133,2,1
Mon Sep 26 15:14:39 2016,1097,-1228,-1430,7008,-1060,952,-857,12095,1049,1018,442,0,0,0,199,206,132,2,1
Mon Sep 26 15:14:39 2016,1107,-8824,4738,6706,-1388,1142,-518,12726,1049,1016,454,0,0,0,199,206,132,2,1
Mon Sep 26 15:14:39 2016,1116,-4706,-812,10198,-1430,852,-752,12125,1048,1016,442,0,0,0,199,206,132,2,1
Mon Sep 26 15:14:39 2016,1128,-4902,3878,5884,-1224,448,-789,12028,1047,1014,447,0,0,0,199,206,133,2,1
Mon Sep 26 15:14:39 2016,1138,-4756,794,8074,-1273,-145,-649,12037,1048,1014,459,0,0,0,199,206,132,2,1
Mon Sep 26 15:14:39 2016,1148,-4380,632,8156,-971,-110,-628,12026,1047,1015,427,0,0,0,199,206,132,2,1
Mon Sep 26 15:14:39 2016,1156,-3210,24,6796,-745,-70,-452,12094,1048,1016,454,0,0,0,199,206,132,2,1
Mon Sep 26 15:14:39 2016,1167,-3060,-68,7594,-441,142,-308,12094,1047,1015,443,0,0,0,199,206,132,2,1
Mon Sep 26 15:14:39 2016,1176,-3982,42,7496,-260,323,-212,11999,1048,1017,441,0,0,0,199,206,132,2,1
Mon Sep 26 15:14:39 2016,1187,-3556,-180,7134,-71,327,-18,12040,1049,1017,458,0,0,0,199,206,131,2,1
Mon Sep 26 15:14:39 2016,1197,-3064,138,7470,61,438,54,12031,1049,1018,439,0,0,0,199,206,132,2,1
Mon Sep 26 15:14:39 2016,1206,-2294,420,7090,179,667,134,11997,1050,1019,438,0,0,0,199,206,132,2,1
Mon Sep 26 15:14:39 2016,1216,-4306,376,8918,577,1174,356,12058,1050,1020,452,0,0,0,199,206,132,2,1
Mon Sep 26 15:14:39 2016,1227,-3596,1628,5218,209,683,208,11978,1050,1020,441,0,0,0,199,206,132,2,1
Mon Sep 26 15:14:39 2016,1236,-3684,946,6642,282,733,160,12008,1051,1021,457,0,0,0,199,206,132,2,1
Mon Sep 26 15:14:39 2016,1247,-3838,1118,7092,264,802,56,11995,1053,1021,448,0,0,0,199,206,132,2,1
Mon Sep 26 15:14:39 2016,1256,-3454,1000,7302,155,720,-113,12001,1052,1022,432,0,0,0,199,206,132,2,1
Mon Sep 26 15:14:39 2016,1267,-3618,1004,7166,169,886,-232,12727,1055,1025,432,0,0,0,199,206,132,2,1
Mon Sep 26 15:14:39 2016,1276,-3976,584,7200,174,1021,-276,12002,1053,1022,431,0,0,0,199,206,132,2,1
Mon Sep 26 15:14:39 2016,1287,-4126,588,7002,165,1000,-241,12003,1054,1022,448,0,0,0,199,206,132,2,1
Mon Sep 26 15:14:39 2016,1296,-3954,440,7056,169,1031,-164,12940,1061,1027,439,0,0,0,199,206,132,2,1
Mon Sep 26 15:14:39 2016,1307,-4302,512,7128,252,1099,-127,13438,1061,1027,438,0,0,0,199,206,133,2,1
Mon Sep 26 15:14:39 2016,1317,-4456,896,7108,416,1245,-108,13368,1061,1027,441,0,0,0,199,206,133,2,1
Mon Sep 26 15:14:39 2016,1327,-4262,892,6788,355,1230,-178,13348,1061,1025,442,0,0,0,199,206,133,2,1
Mon Sep 26 15:14:39 2016,1337,-3578,74,6436,352,1261,-103,13370,1061,1025,439,0,0,0,199,206,132,2,1
Mon Sep 26 15:14:39 2016,1347,-3688,958,7094,377,1399,-255,13339,1061,1025,437,0,0,0,199,206,133,2,1
Mon Sep 26 15:14:39 2016,1357,-4394,-766,2194,181,2031,-484,13359,1062,1025,440,0,0,0,199,206,132,2,1
Mon Sep 26 15:14:39 2016,1367,-3976,444,7042,282,1857,-389,13367,1061,1024,441,0,0,0,199,206,133,2,1
Mon Sep 26 15:14:39 2016,1377,-4392,270,5692,240,1497,-227,13356,1061,1024,438,0,0,0,199,206,132,2,1
Mon Sep 26 15:14:39 2016,1387,-4112,510,6984,327,1546,-97,13375,1061,1023,441,0,0,0,199,206,133,2,1
Mon Sep 26 15:14:39 2016,1397,-4300,758,7002,337,1686,-42,13351,1061,1023,437,0,0,0,199,206,133,2,1
Mon Sep 26 15:14:39 2016,1407,-4622,690,6226,325,1791,-24,13359,1060,1023,438,0,0,0,199,206,133,2,1
Mon Sep 26 15:14:39 2016,1417,-4674,928,6552,254,1679,-52,13309,1061,1024,438,0,0,0,199,206,133,2,1
Mon Sep 26 15:14:39 2016,1426,-4460,686,7028,307,1807,13,13307,1061,1024,438,0,0,0,199,206,133,2,1
Mon Sep 26 15:14:39 2016,1437,-5786,1120,5230,180,2276,117,13325,1062,1026,447,0,0,0,199,206,133,2,1
Mon Sep 26 15:14:39 2016,1446,-5854,494,6008,233,1861,57,13314,1062,1028,437,0,0,0,199,206,133,2,1
Mon Sep 26 15:14:39 2016,1457,-4502,958,6280,87,1659,-36,13323,1064,1030,438,0,0,0,199,206,133,2,1
Mon Sep 26 15:14:39 2016,1466,-4784,882,6346,52,1788,-94,13306,1064,1029,453,0,0,0,199,206,133,2,1
Mon Sep 26 15:14:39 2016,1477,-5486,1098,5764,131,1719,-57,13318,1065,1030,445,0,0,0,199,206,133,2,1
Mon Sep 26 15:14:39 2016,1486,-5062,1120,5506,83,1227,-313,13307,1066,1031,440,0,0,0,199,206,133,2,1
Mon Sep 26 15:14:39 2016,1497,-4440,996,6716,220,2257,-245,13311,1066,1030,438,0,0,0,199,206,133,2,1
Mon Sep 26 15:14:39 2016,1507,-6188,1188,5366,571,2946,-476,13308,1066,1026,441,0,0,0,199,206,133,2,1
Mon Sep 26 15:14:39 2016,1517,-4628,418,7514,196,3203,-268,13328,1063,1023,438,0,0,0,199,206,133,2,1
Mon Sep 26 15:14:39 2016,1526,-4272,348,7856,431,4074,-126,13316,1060,1018,446,0,0,0,199,206,133,2,1
Mon Sep 26 15:14:39 2016,1537,-5132,702,6856,195,4749,0,13323,1060,1017,440,0,0,0,199,206,133,2,1
Mon Sep 26 15:14:39 2016,1547,-6982,1262,6320,148,5273,21,13360,1055,1004,438,0,0,0,199,206,133,2,1
Mon Sep 26 15:14:39 2016,1557,-6660,1154,6120,103,6000,-219,13385,1045,989,438,0,0,0,199,206,133,2,1
Mon Sep 26 15:14:39 2016,1566,-4804,518,7902,289,6586,-450,13373,1031,969,439,0,0,0,199,206,133,2,1
Mon Sep 26 15:14:39 2016,1577,-5692,1718,7832,669,7650,-723,13368,1017,944,437,0,0,0,199,206,133,2,1
Mon Sep 26 15:14:39 2016,1587,-4870,324,6032,475,8281,-957,13384,994,891,440,0,0,0,199,206,133,2,1
Mon Sep 26 15:14:39 2016,1597,-6718,1376,7728,55,9270,-895,12174,930,804,451,0,0,0,199,206,133,2,1
Mon Sep 26 15:14:39 2016,1607,-4034,-326,8702,140,11067,-736,12143,893,841,434,0,0,0,199,206,133,2,1
Mon Sep 26 15:14:39 2016,1617,-8948,2044,8518,476,12407,-494,12106,933,931,452,0,0,0,199,206,133,2,1
Mon Sep 26 15:14:39 2016,1627,-3146,1400,5166,771,15296,-847,12068,975,1020,440,0,0,0,199,206,134,2,1
Mon Sep 26 15:14:39 2016,1637,-9072,798,6144,3188,16955,172,12118,1018,1082,452,0,0,0,199,206,133,2,1
Mon Sep 26 15:14:39 2016,1647,-14290,1746,7808,5038,16540,1110,12135,1030,1081,450,0,0,0,199,206,133,2,1
Mon Sep 26 15:14:39 2016,1657,-14848,1288,9802,6845,15820,1460,12222,1023,1077,450,0,0,0,199,206,133,2,1
Mon Sep 26 15:14:39 2016,1666,-18566,4030,15466,9136,14973,1672,12377,997,1056,437,0,0,0,199,206,133,2,1
Mon Sep 26 15:14:39 2016,1677,-17280,2282,10612,10291,12988,891,12185,942,957,430,0,0,0,199,206,134,2,1
Mon Sep 26 15:14:39 2016,1686,-16670,5438,14408,9564,10222,694,11968,796,812,429,0,0,0,199,206,134,2,1
Mon Sep 26 15:14:39 2016,1696,-10284,13664,12014,8798,7216,-271,11978,950,757,435,0,0,0,199,206,133,2,1
Mon Sep 26 15:14:39 2016,1707,-3194,16138,31324,7978,3072,-1788,12052,997,942,448,0,0,0,199,206,134,2,1
Mon Sep 26 15:14:39 2016,1716,-15932,16718,32382,1963,-547,-3107,12175,1004,942,433,0,0,0,199,206,133,2,1
Mon Sep 26 15:14:39 2016,1727,-5108,10160,24946,121,-3453,-2798,12232,1000,939,438,0,0,0,199,206,134,2,1
Mon Sep 26 15:14:39 2016,1738,2508,5566,13722,-1678,-6588,-2495,12040,1003,937,436,0,0,0,199,206,133,2,1
Mon Sep 26 15:14:39 2016,1747,3028,5056,10832,-2159,-6834,-2408,12213,1003,937,452,0,0,0,199,206,134,2,1
Mon Sep 26 15:14:39 2016,1756,312,3334,8108,-1486,-6961,-2400,12082,1005,932,439,0,0,0,199,206,133,2,1
Mon Sep 26 15:14:39 2016,1767,382,3448,7992,-1140,-7229,-2138,12267,1008,932,444,0,0,0,199,206,133,2,1
Mon Sep 26 15:14:39 2016,1776,-984,4140,8380,-1145,-7957,-1835,12036,1004,927,448,0,0,0,199,206,133,2,1
Mon Sep 26 15:14:39 2016,1786,-2158,4462,7964,-1327,-8433,-1754,12016,1004,925,441,0,0,0,199,206,133,2,1
Mon Sep 26 15:14:39 2016,1797,-3140,4394,7424,-1751,-8987,-1698,12109,1005,927,454,0,0,0,199,206,133,2,1
Mon Sep 26 15:14:39 2016,1806,-3516,3896,7150,-1979,-9374,-1641,12081,1005,925,446,0,0,0,199,206,133,2,1
Mon Sep 26 15:14:39 2016,1817,-3440,3634,6058,-1988,-9744,-1454,12142,1007,927,435,0,0,0,199,206,133,2,1
Mon Sep 26 15:14:39 2016,1826,-3860,3948,6396,-1784,-10016,-1354,12126,1008,930,443,0,0,0,199,206,133,2,1
Mon Sep 26 15:14:39 2016,1837,-3636,3010,5904,-943,-9668,-1149,12054,1007,927,445,0,0,0,199,206,134,2,1
Mon Sep 26 15:14:39 2016,1847,-3996,2464,4238,-356,-9602,-815,12098,1007,929,435,0,0,0,199,206,133,2,1
Mon Sep 26 15:14:39 2016,1857,-5524,3340,6236,674,-9418,-256,12095,1008,930,450,0,0,0,199,206,134,2,1
Mon Sep 26 15:14:39 2016,1867,-7102,4040,7062,1152,-9503,269,12148,1009,932,430,0,0,0,199,206,133,2,1
Mon Sep 26 15:14:39 2016,1876,-7568,4610,7632,1405,-9844,1101,12118,1010,935,442,0,0,0,199,206,133,2,1
Mon Sep 26 15:14:39 2016,1887,-8130,4528,7592,1343,-9982,1649,12094,1011,938,441,0,0,0,199,206,133,2,1
Mon Sep 26 15:14:39 2016,1897,-8624,3922,7248,1352,-10149,2502,12192,1010,939,458,0,0,0,199,206,134,2,1
Mon Sep 26 15:14:39 2016,1907,-8890,3486,7372,1362,-10188,3050,12055,1012,941,434,0,0,0,199,206,133,2,1
Mon Sep 26 15:14:39 2016,1917,-9922,3396,7050,1527,-9964,3796,12084,1013,945,455,0,0,0,199,206,133,2,1
Mon Sep 26 15:14:39 2016,1927,-9212,2230,8444,1397,-9865,4280,12324,1019,945,430,0,0,0,199,206,134,2,1
Mon Sep 26 15:14:40 2016,1936,-10502,1622,8430,1486,-9879,4649,12017,1014,944,444,0,0,0,199,206,133,2,1
Mon Sep 26 15:14:40 2016,1947,-10506,1830,9320,1378,-9946,4711,13268,1022,948,438,0,0,0,199,206,133,2,1
Mon Sep 26 15:14:40 2016,1957,-10502,1646,9400,1043,-9868,4630,12109,1014,945,436,0,0,0,199,206,133,2,1
Mon Sep 26 15:14:40 2016,1967,-10504,1226,9198,888,-9731,4485,12047,1014,944,431,0,0,0,199,206,133,2,1
Mon Sep 26 15:14:40 2016,1976,-10306,1130,9120,829,-9358,4235,12024,1014,942,447,0,0,0,199,206,133,2,1
Mon Sep 26 15:14:40 2016,1987,-10268,1054,9074,873,-9024,3975,12066,1014,943,427,0,0,0,199,206,131,2,1
Mon Sep 26 15:14:40 2016,1997,-10418,1354,9326,957,-8478,3545,11985,1014,944,432,0,0,0,199,206,131,2,1
Mon Sep 26 15:14:40 2016,2006,-11864,1806,10606,1018,-8232,3257,11984,1015,945,444,0,0,0,199,206,132,2,1
Mon Sep 26 15:14:40 2016,2017,-13016,1840,11872,1284,-8204,2927,12192,1014,946,456,0,0,0,199,206,131,2,1
Mon Sep 26 15:14:40 2016,2026,-13748,3042,13594,1405,-8460,2703,12005,1013,943,447,0,0,0,199,206,133,2,1
Mon Sep 26 15:14:40 2016,2037,-14768,3336,13920,1547,-8992,2344,11982,1013,942,430,0,0,0,199,206,131,2,1
Mon Sep 26 15:14:40 2016,2047,-14018,2966,12320,1699,-9395,2170,12087,1014,942,430,0,0,0,199,206,132,2,1
Mon Sep 26 15:14:40 2016,2056,-13742,244,9380,2628,-9619,2375,12022,1015,942,451,0,0,0,199,206,132,2,1
Mon Sep 26 15:14:40 2016,2067,-13236,-476,5046,3514,-9273,2497,12108,1016,941,443,0,0,0,199,206,133,2,1
Mon Sep 26 15:14:40 2016,2077,-14832,-798,3570,4319,-8379,2499,12213,1016,942,437,0,0,0,199,206,132,2,1
Mon Sep 26 15:14:40 2016,2087,-17910,-1668,636,4519,-7978,2409,12036,1016,942,441,0,0,0,199,206,133,2,1
Mon Sep 26 15:14:40 2016,2096,-18480,-3130,-3564,4522,-7646,2348,12013,1016,944,441,0,0,0,199,206,132,2,1
Mon Sep 26 15:14:40 2016,2106,-18706,-4534,-10624,4214,-6195,2273,12059,1017,947,455,0,0,0,199,206,131,2,1
Mon Sep 26 15:14:40 2016,2116,-18686,-4630,-13166,3436,-4506,1986,12083,1019,950,442,0,0,0,199,206,131,2,1
Mon Sep 26 15:14:40 2016,2127,-18608,-2576,-13352,1047,-1406,1012,12176,1019,953,442,0,0,0,199,206,131,2,1
Mon Sep 26 15:14:40 2016,2136,-17918,-2312,-11026,-1261,705,-5,12083,1021,954,450,0,0,0,199,206,131,2,1
Mon Sep 26 15:14:40 2016,2146,-19840,-2744,-6340,-4136,2949,-1232,12072,1021,956,445,0,0,0,199,206,131,2,1
Mon Sep 26 15:14:40 2016,2156,-17966,-3356,-2844,-5103,3759,-1874,12076,1022,957,438,0,0,0,199,206,131,2,1
Mon Sep 26 15:14:40 2016,2167,-15208,-3082,-1992,-4935,4582,-1681,12062,1022,958,441,0,0,0,199,206,131,2,1
Mon Sep 26 15:14:40 2016,2176,-13214,-1842,-940,-4528,5301,-1282,12052,1023,959,457,0,0,0,199,206,131,2,1
Mon Sep 26 15:14:40 2016,2187,-12638,-532,1294,-4312,6570,-636,11984,1022,960,427,0,0,0,199,206,131,2,1
Mon Sep 26 15:14:40 2016,2197,12232,-4220,10404,-4118,7615,-170,11984,1022,961,433,0,0,0,199,206,131,2,1
Mon Sep 26 15:14:40 2016,2207,6560,4616,10276,-3756,8555,-794,11978,1018,957,430,0,0,0,199,206,131,2,1
Mon Sep 26 15:14:40 2016,2217,15100,-4424,-7434,-4110,12915,-2521,11943,1019,966,438,0,0,0,199,206,131,2,1
Mon Sep 26 15:14:40 2016,2227,-16948,-7804,13618,2618,15502,-193,11986,1019,972,436,0,0,0,199,206,131,2,1
Mon Sep 26 15:14:40 2016,2237,-21746,-2410,32226,1599,13339,-252,11931,1022,964,443,0,0,0,199,206,131,2,1
Mon Sep 26 15:14:40 2016,2247,-26626,18888,32767,-1096,10258,-842,11962,1045,978,448,0,0,0,199,206,131,2,1
Mon Sep 26 15:14:40 2016,2257,-32768,12178,10060,-4672,6750,-1923,11981,1054,1005,437,0,0,0,199,206,131,2,1
Mon Sep 26 15:14:40 2016,2267,-246,-19316,18036,-2417,5230,-3032,12311,1052,1008,441,0,0,0,199,206,131,2,1
Mon Sep 26 15:14:40 2016,2277,-650,-10848,5808,-1579,2487,-1302,11941,1055,1011,435,0,0,0,199,206,132,2,1
Mon Sep 26 15:14:40 2016,2286,-10254,8788,8368,-2405,2494,-1021,12092,1055,1013,438,0,0,0,199,206,131,2,1
Mon Sep 26 15:14:40 2016,2297,-6588,360,7498,-2195,914,-1315,12170,1055,1014,440,0,0,0,199,206,131,2,1
Mon Sep 26 15:14:40 2016,2306,-5914,458,7048,-1838,293,-1150,13235,1061,1015,438,0,0,0,199,206,131,2,1
Mon Sep 26 15:14:40 2016,2317,-5188,134,8082,-1027,-141,-652,13327,1062,1016,440,0,0,0,199,206,132,2,1
Mon Sep 26 15:14:40 2016,2327,-4188,1366,7352,-942,-228,-629,13313,1060,1016,437,0,0,0,199,206,133,2,1
Mon Sep 26 15:14:40 2016,2336,-3494,732,7126,-791,-216,-590,13316,1060,1016,438,0,0,0,199,206,133,2,1
Mon Sep 26 15:14:40 2016,2347,-3908,564,7640,-600,-156,-505,13304,1059,1015,438,0,0,0,199,206,133,2,1
Mon Sep 26 15:14:40 2016,2357,-3826,318,7504,-562,-177,-491,13306,1060,1016,440,0,0,0,199,206,133,2,1
Mon Sep 26 15:14:40 2016,2368,-3086,164,7460,-517,-40,-422,13308,1058,1016,442,0,0,0,199,206,133,2,1
Mon Sep 26 15:14:40 2016,2378,-4390,1098,7332,-645,68,-484,13305,1058,1016,439,0,0,0,199,206,133,2,1
Mon Sep 26 15:14:40 2016,2388,-2584,410,7410,-425,97,-274,13299,1057,1016,438,0,0,0,199,206,132,2,1
Mon Sep 26 15:14:40 2016,2398,-3210,662,7632,-405,523,-203,13175,1054,1014,442,0,0,0,199,206,132,2,1
Mon Sep 26 15:14:40 2016,2408,-3590,542,7534,-353,594,-142,12072,1055,1012,451,0,0,0,199,206,131,2,1
Mon Sep 26 15:14:40 2016,2418,-3638,708,7592,-328,667,-105,11978,1053,1015,441,0,0,0,199,206,132,2,1
Mon Sep 26 15:14:40 2016,2427,-3468,678,7190,-215,738,-109,12089,1051,1016,452,0,0,0,199,206,131,2,1
Mon Sep 26 15:14:40 2016,2436,-3698,1286,7232,-100,702,-178,11980,1052,1017,454,0,0,0,199,206,131,2,1
Mon Sep 26 15:14:40 2016,2447,-3736,1330,7166,-24,546,-353,11976,1052,1018,447,0,0,0,199,206,131,2,1
Mon Sep 26 15:14:40 2016,2457,-3366,80,7586,56,424,-431,12081,1053,1017,430,0,0,0,199,206,131,2,1
Mon Sep 26 15:14:40 2016,2467,-3518,462,7042,90,428,-410,11968,1052,1017,428,0,0,0,199,206,131,2,1
Mon Sep 26 15:14:40 2016,2476,-3518,496,7258,150,468,-363,12017,1054,1017,459,0,0,0,199,206,131,2,1
Mon Sep 26 15:14:40 2016,2487,-3664,70,7316,175,543,-350,11967,1053,1016,448,0,0,0,199,206,131,2,1
Mon Sep 26 15:14:40 2016,2497,-3884,148,7002,168,549,-305,11945,1054,1016,432,0,0,0,199,206,131,2,1
Mon Sep 26 15:14:40 2016,2507,-3952,572,7262,212,600,-231,11927,1054,1016,440,0,0,0,199,206,131,2,1
Mon Sep 26 15:14:40 2016,2517,-3992,594,7598,217,560,-242,11991,1054,1016,446,0,0,0,199,206,131,2,1
Mon Sep 26 15:14:40 2016,2527,-3920,376,7158,217,600,-264,12058,1055,1015,444,0,0,0,199,206,131,2,1
Mon Sep 26 15:14:40 2016,2537,-4362,502,6090,165,759,-295,12066,1056,1015,445,0,0,0,199,206,131,2,1
Mon Sep 26 15:14:40 2016,2547,-3528,522,7624,260,777,-279,12040,1056,1016,441,0,0,0,199,206,131,2,1
Mon Sep 26 15:14:40 2016,2557,-5434,-52,856,-4,1821,-314,12022,1057,1018,435,0,0,0,199,206,131,2,1
Mon Sep 26 15:14:40 2016,2567,-3464,302,8508,489,652,-184,12051,1057,1023,433,0,0,0,199,206,131,2,1
Mon Sep 26 15:14:40 2016,2577,-3744,1286,6582,252,1569,-478,12024,1059,1026,431,0,0,0,199,206,131,2,1
Mon Sep 26 15:14:40 2016,2587,-4274,1620,8740,374,1290,-211,12022,1060,1029,442,0,0,0,199,206,131,2,1
Mon Sep 26 15:14:40 2016,2597,-4564,-2252,1144,312,1973,-215,12115,1058,1030,445,0,0,0,199,206,132,2,1
Mon Sep 26 15:14:40 2016,2607,-3320,4420,15988,561,506,26,12130,1061,1032,441,0,0,0,199,206,131,2,1
Mon Sep 26 15:14:40 2016,2617,-684,1380,12562,753,-195,225,12157,1059,1030,439,0,0,0,199,206,132,2,1
Mon Sep 26 15:14:40 2016,2628,-2678,394,11250,151,1485,-100,12063,1058,1027,436,0,0,0,199,206,131,2,1
Mon Sep 26 15:14:40 2016,2638,-3552,1128,6884,15,1711,-48,12115,1056,1018,432,0,0,0,199,206,131,2,1
Mon Sep 26 15:14:40 2016,2648,-3744,-900,11598,-281,2261,-426,12121,1056,1016,442,0,0,0,199,206,132,2,1
Mon Sep 26 15:14:40 2016,2658,-4124,-522,5668,113,2381,-348,12118,1053,1011,448,0,0,0,199,206,131,2,1
Mon Sep 26 15:14:40 2016,2667,-5526,1506,7144,116,2669,-316,12183,1052,1004,428,0,0,0,199,206,131,2,1
Mon Sep 26 15:14:40 2016,2677,-4946,114,7368,439,3166,-240,12075,1052,995,431,0,0,0,199,206,131,2,1
Mon Sep 26 15:14:40 2016,2687,-4978,1470,6050,116,3838,-177,12034,1055,991,446,0,0,0,199,206,131,2,1
Mon Sep 26 15:14:40 2016,2696,-4654,488,5928,-126,4358,-39,12035,1055,991,438,0,0,0,199,206,131,2,1
Mon Sep 26 15:14:40 2016,2707,-5000,436,6054,171,4660,93,12010,1054,992,434,0,0,0,199,206,131,2,1
Mon Sep 26 15:14:40 2016,2717,-4650,708,9412,320,4698,212,12035,1052,990,440,0,0,0,199,206,131,2,1
Mon Sep 26 15:14:40 2016,2727,-5120,232,8342,-67,6123,188,12047,1048,984,432,0,0,0,199,206,131,2,1
Mon Sep 26 15:14:40 2016,2737,-3816,-706,8562,-406,6968,174,12045,1038,974,448,0,0,0,199,206,131,2,1
Mon Sep 26 15:14:40 2016,2747,-6618,1586,7510,-808,8250,18,11999,1029,964,427,0,0,0,199,206,131,2,1
Mon Sep 26 15:14:40 2016,2756,-6196,1748,10392,-525,8974,-206,12019,1021,956,458,0,0,0,199,206,131,2,1
Mon Sep 26 15:14:40 2016,2767,-3874,492,4494,-1015,9548,-496,12100,1010,941,442,0,0,0,199,206,131,2,1
Mon Sep 26 15:14:40 2016,2777,-7876,2420,8046,-1365,11556,-779,11992,997,917,437,0,0,0,199,206,131,2,1
Mon Sep 26 15:14:40 2016,2786,-2408,1564,7198,-1286,12873,-745,11992,969,871,456,0,0,0,199,206,131,2,1
Mon Sep 26 15:14:40 2016,2796,-3968,436,7062,-851,15732,-1575,12085,923,806,447,0,0,0,199,206,131,2,1
Mon Sep 26 15:14:40 2016,2806,-5130,1196,5940,-40,16741,-1186,12048,877,763,450,0,0,0,199,206,131,2,1
Mon Sep 26 15:14:40 2016,2816,-10074,458,9812,2873,18154,-1147,12148,849,742,434,0,0,0,199,206,131,2,1
Mon Sep 26 15:14:40 2016,2827,-16314,3030,8198,3704,17641,-1327,12036,848,737,435,0,0,0,199,206,131,2,1
Mon Sep 26 15:14:40 2016,2837,-14964,2712,12012,5799,15862,-1271,12055,843,739,441,0,0,0,199,206,131,2,1
Mon Sep 26 15:14:40 2016,2847,-15682,1368,13572,7455,14225,-2512,12063,843,746,444,0,0,0,199,206,131,2,1
Mon Sep 26 15:14:40 2016,2856,-7034,8458,25124,6707,12445,-3050,12010,885,761,448,0,0,0,199,206,131,2,1
Mon Sep 26 15:14:40 2016,2867,-7378,10162,14302,3624,9628,-6610,12063,986,918,445,0,0,0,199,206,131,2,1
Mon Sep 26 15:14:40 2016,2877,-4116,8212,27268,2909,7162,-5588,12030,946,912,435,0,0,0,199,206,131,2,1
Mon Sep 26 15:14:40 2016,2887,-32768,9776,21436,1482,4383,-3737,12056,954,896,448,0,0,0,199,206,132,2,1
Mon Sep 26 15:14:40 2016,2897,-1702,11984,32767,1442,177,-3395,12014,953,892,437,0,0,0,199,206,131,2,1
Mon Sep 26 15:14:40 2016,2908,-3840,9494,21344,-963,-3446,-3221,12034,953,887,424,0,0,0,199,206,131,2,1
Mon Sep 26 15:14:40 2016,2918,170,4022,13994,-986,-5671,-2849,11990,956,886,425,0,0,0,199,206,131,2,1
Mon Sep 26 15:14:40 2016,2928,672,3994,11824,-343,-6408,-2031,13333,964,890,447,0,0,0,199,206,132,2,1
Mon Sep 26 15:14:41 2016,2938,1048,4100,8764,170,-6905,-1481,12355,961,886,434,0,0,0,199,206,133,2,1
Mon Sep 26 15:14:41 2016,2947,338,4644,6248,151,-6893,-938,11989,962,885,449,0,0,0,199,206,131,2,1
Mon Sep 26 15:14:41 2016,2957,-770,5484,8442,213,-8062,-146,12068,964,887,446,0,0,0,199,206,131,2,1
Mon Sep 26 15:14:41 2016,2967,-1938,5876,8564,-243,-8541,293,11969,964,887,440,0,0,0,199,206,131,2,1
Mon Sep 26 15:14:41 2016,2976,-3334,5670,8732,-963,-9458,909,11945,966,889,446,0,0,0,199,206,131,2,1
Mon Sep 26 15:14:41 2016,2987,-4938,4718,9962,-1146,-10207,1323,11945,967,890,447,0,0,0,199,206,131,2,1
Mon Sep 26 15:14:41 2016,2996,-966,4192,8804,-1213,-10872,1844,11993,968,891,436,0,0,0,199,206,133,2,1
Mon Sep 26 15:14:41 2016,3007,-6122,2912,5118,-802,-10911,1962,11953,968,891,428,0,0,0,199,206,131,2,1
Mon Sep 26 15:14:41 2016,3017,-5344,2438,5986,-183,-11156,2400,11963,970,892,433,0,0,0,199,206,131,2,1
Mon Sep 26 15:14:41 2016,3027,-6290,2334,6376,335,-11201,2533,11940,971,892,444,0,0,0,199,206,131,2,1
Mon Sep 26 15:14:41 2016,3037,-7654,1762,5842,885,-11240,2685,11959,972,894,429,0,0,0,199,206,131,2,1
Mon Sep 26 15:14:41 2016,3047,-7372,1384,6672,1235,-11183,2699,11999,973,895,454,0,0,0,199,206,131,2,1
Mon Sep 26 15:14:41 2016,3057,-8780,1330,7100,1695,-10960,2826,11971,973,895,437,0,0,0,199,206,131,2,1
Mon Sep 26 15:14:41 2016,3067,-9450,950,8154,2032,-10890,2954,11981,973,897,441,0,0,0,199,206,131,2,1
Mon Sep 26 15:14:41 2016,3076,-10682,1050,8756,2378,-10994,3270,12002,974,903,443,0,0,0,199,206,131,2,1
Mon Sep 26 15:14:41 2016,3087,-11086,1328,9264,2457,-11088,3465,11965,975,908,442,0,0,0,199,206,131,2,1
Mon Sep 26 15:14:41 2016,3097,-11476,2108,9738,2271,-11121,3835,11980,974,913,448,0,0,0,199,206,131,2,1
Mon Sep 26 15:14:41 2016,3107,-11816,928,8784,1974,-11097,4076,11994,976,916,455,0,0,0,199,206,131,2,1
Mon Sep 26 15:14:41 2016,3117,-11604,680,9590,1708,-10889,4420,12058,975,918,442,0,0,0,199,206,131,2,1
Mon Sep 26 15:14:41 2016,3127,-11996,172,10160,1692,-10725,4620,12029,976,922,447,0,0,0,199,206,131,2,1
Mon Sep 26 15:14:41 2016,3136,-12250,-530,10260,2163,-10670,4635,11986,974,922,448,0,0,0,199,206,131,2,1
Mon Sep 26 15:14:41 2016,3147,-11938,-472,9936,2593,-10541,4525,11964,974,923,438,0,0,0,199,206,131,2,1
Mon Sep 26 15:14:41 2016,3157,-11824,-222,9686,3270,-10193,4066,11951,974,923,450,0,0,0,199,206,131,2,1
Mon Sep 26 15:14:41 2016,3167,-11774,286,9554,3580,-9869,3643,11955,975,924,443,0,0,0,199,206,131,2,1
Mon Sep 26 15:14:41 2016,3177,-12220,1022,10468,3749,-9382,2953,11932,976,925,435,0,0,0,199,206,131,2,1
Mon Sep 26 15:14:41 2016,3187,-14268,2212,13068,3611,-9245,2490,11936,979,928,436,0,0,0,199,206,131,2,1
Mon Sep 26 15:14:41 2016,3197,-15406,3404,13224,3193,-9510,1794,11899,982,931,432,0,0,0,199,206,131,2,1
Mon Sep 26 15:14:41 2016,3207,-16292,2914,12998,3003,-9798,1565,11896,983,934,444,0,0,0,199,206,131,2,1
Mon Sep 26 15:14:41 2016,3217,-16552,1866,10824,3281,-9925,1574,11899,985,935,431,0,0,0,199,206,131,2,1
Mon Sep 26 15:14:41 2016,3227,-16490,-372,6134,3845,-9754,1878,12027,990,938,451,0,0,0,199,206,131,2,1
Mon Sep 26 15:14:41 2016,3236,-17690,-1166,3278,4597,-9308,2303,11902,989,941,450,0,0,0,199,206,131,2,1
Mon Sep 26 15:14:41 2016,3247,-20874,-2076,-994,5325,-8400,2695,11937,989,943,441,0,0,0,199,206,131,2,1
Mon Sep 26 15:14:41 2016,3257,-21978,-3242,-5372,5377,-7358,2826,11904,994,948,427,0,0,0,199,206,131,2,1
Mon Sep 26 15:14:41 2016,3267,-22504,-5592,-11934,5263,-6230,2745,11971,995,953,448,0,0,0,199,206,131,2,1
Mon Sep 26 15:14:41 2016,3277,-21918,-5444,-14426,4718,-4597,2464,11922,1001,961,440,0,0,0,199,206,132,2,1
Mon Sep 26 15:14:41 2016,3287,-20108,-2948,-14710,2466,-1434,1129,11921,1001,960,425,0,0,0,199,206,131,2,1
Mon Sep 26 15:14:41 2016,3297,-19706,-1378,-9738,-777,1348,-501,12045,1004,960,436,0,0,0,199,206,131,2,1
Mon Sep 26 15:14:41 2016,3308,-19074,-198,-3966,-2598,2462,-1199,11947,1005,958,446,0,0,0,199,206,131,2,1
Mon Sep 26 15:14:41 2016,3318,-17096,-84,-1280,-3504,3151,-1418,11952,1008,961,433,0,0,0,199,206,131,2,1
Mon Sep 26 15:14:41 2016,3328,-15114,148,1838,-3087,3542,-876,12174,1013,962,449,0,0,0,199,206,131,2,1
Mon Sep 26 15:14:41 2016,3337,-13236,2040,3694,-2281,3690,-115,11962,1010,965,430,0,0,0,199,206,130,2,1
Mon Sep 26 15:14:41 2016,3347,-9536,4240,3880,-1756,4095,1189,12007,1011,967,433,0,0,0,199,206,131,2,1
Mon Sep 26 15:14:41 2016,3357,9550,10760,7646,-1578,4616,2110,12069,1024,988,446,0,0,0,199,206,131,2,1
Mon Sep 26 15:14:41 2016,3367,15666,27556,15212,-3272,5679,3095,11951,1039,1001,448,0,0,0,199,206,131,2,1
Mon Sep 26 15:14:41 2016,3377,25756,-8576,-9704,-6846,9846,-3387,11998,1052,1013,447,0,0,0,199,206,131,2,1
Mon Sep 26 15:14:41 2016,3387,-9072,-22342,15582,-5557,12971,-3739,11944,1056,1019,447,0,0,0,199,206,131,2,1
Mon Sep 26 15:14:41 2016,3396,-25528,-12544,27616,-3344,13023,-1337,11931,1057,1021,451,0,0,0,199,206,131,2,1
Mon Sep 26 15:14:41 2016,3407,-8092,-9074,17626,-2022,12773,-3345,11950,1064,1021,428,0,0,0,199,206,131,2,1
Mon Sep 26 15:14:41 2016,3417,-16466,2664,8898,-1713,12442,-2527,11951,1082,1031,450,0,0,0,199,206,131,2,1
Mon Sep 26 15:14:41 2016,3427,-14546,4816,12576,-1003,10315,-768,12010,1094,1042,437,0,0,0,199,206,131,2,1
Mon Sep 26 15:14:41 2016,3437,-27820,1180,19038,-2899,8720,-1515,11941,1105,1058,446,0,0,0,199,206,130,2,1
Mon Sep 26 15:14:41 2016,3446,-12652,-3770,8994,-2791,5348,-1077,11944,1109,1068,450,0,0,0,199,206,131,2,1
Mon Sep 26 15:14:41 2016,3457,-12350,-5448,6590,-1367,3581,-878,12119,1109,1073,441,0,0,0,199,206,131,2,1
Mon Sep 26 15:14:41 2016,3467,-6514,3826,8514,-1988,2651,-1348,11950,1113,1078,452,0,0,0,199,206,132,2,1
Mon Sep 26 15:14:41 2016,3476,-8576,-2280,9072,-2009,1188,-1446,12002,1113,1079,446,0,0,0,199,206,131,2,1
Mon Sep 26 15:14:41 2016,3487,-6054,2532,7776,-1582,249,-1096,11978,1115,1083,430,0,0,0,199,206,131,2,1
Mon Sep 26 15:14:41 2016,3497,-5360,1830,6394,-1544,379,-790,11949,1117,1083,452,0,0,0,199,206,131,2,1
Mon Sep 26 15:14:41 2016,3507,-3968,1206,7510,-863,24,-669,12086,1116,1083,443,0,0,0,199,206,132,2,1
Mon Sep 26 15:14:41 2016,3516,-3456,864,7916,-688,-2,-512,12080,1118,1082,451,0,0,0,199,206,132,2,1
Mon Sep 26 15:14:41 2016,3527,-4654,50,7582,-186,242,-321,12011,1114,1082,435,0,0,0,199,206,131,2,1
Mon Sep 26 15:14:41 2016,3537,-4168,670,7576,193,295,-64,11968,1113,1081,450,0,0,0,199,206,131,2,1
Mon Sep 26 15:14:41 2016,3548,-3728,-40,7454,543,500,174,12020,1112,1081,443,0,0,0,199,206,131,2,1
Mon Sep 26 15:14:41 2016,3557,-3750,560,7624,734,597,320,12001,1112,1080,442,0,0,0,199,206,131,2,1
Mon Sep 26 15:14:41 2016,3567,-2572,-594,7828,1007,584,769,11980,1110,1079,449,0,0,0,199,206,131,2,1
Mon Sep 26 15:14:41 2016,3577,-4806,242,8310,1536,971,826,12098,1115,1080,439,0,0,0,199,206,131,2,1
Mon Sep 26 15:14:41 2016,3587,-3178,1340,6102,1460,1034,888,11968,1110,1083,449,0,0,0,199,206,131,2,1
Mon Sep 26 15:14:41 2016,3597,-3788,1190,7562,1476,943,746,11992,1110,1085,436,0,0,0,199,206,133,2,1
Mon Sep 26 15:14:41 2016,3607,-3982,2116,6124,1279,1043,558,11989,1109,1088,441,0,0,0,199,206,132,2,1
Mon Sep 26 15:14:41 2016,3617,-4260,1096,6960,1227,968,506,12013,1110,1086,431,0,0,0,199,206,133,2,1
Mon Sep 26 15:14:41 2016,3627,-4344,1658,6684,1137,812,489,12144,1109,1087,447,0,0,0,199,206,132,2,1
Mon Sep 26 15:14:41 2016,3637,-4064,1240,6690,1064,752,412,12348,1109,1087,454,0,0,0,199,206,133,2,1
Mon Sep 26 15:14:41 2016,3647,-3826,1512,6432,834,640,386,12025,1108,1087,433,0,0,0,199,206,132,2,1
Mon Sep 26 15:14:41 2016,3657,-4544,1608,6356,734,620,387,12008,1108,1087,455,0,0,0,199,206,133,2,1
Mon Sep 26 15:14:41 2016,3667,-4242,1348,6592,698,565,313,12045,1112,1086,437,0,0,0,199,206,133,2,1
Mon Sep 26 15:14:41 2016,3676,-4298,1208,6014,665,736,257,12072,1106,1086,449,0,0,0,199,206,133,2,1
Mon Sep 26 15:14:41 2016,3687,-4380,1736,6694,588,599,230,11998,1106,1086,438,0,0,0,199,206,132,2,1
Mon Sep 26 15:14:41 2016,3696,-3362,1804,9242,440,502,243,11943,1104,1083,450,0,0,0,199,206,133,2,1
Mon Sep 26 15:14:41 2016,3707,-3250,1328,7302,546,504,106,11941,1103,1081,450,0,0,0,199,206,132,2,1
Mon Sep 26 15:14:41 2016,3717,-4122,2510,5550,107,714,53,11916,1101,1078,448,0,0,0,199,206,132,2,1
Mon Sep 26 15:14:41 2016,3727,-3586,1736,5774,-92,515,-244,12017,1100,1075,450,0,0,0,199,206,132,2,1
Mon Sep 26 15:14:41 2016,3737,-3594,2452,5510,-341,645,-408,11925,1097,1074,428,0,0,0,199,206,133,2,1
Mon Sep 26 15:14:41 2016,3748,-3934,1748,6114,-467,582,-652,11972,1097,1072,438,0,0,0,199,206,133,2,1
Mon Sep 26 15:14:41 2016,3757,-3344,2888,5084,-745,737,-714,11925,1094,1071,429,0,0,0,199,206,133,2,1
Mon Sep 26 15:14:41 2016,3768,-4268,1948,6194,-980,764,-1049,12150,1095,1074,434,0,0,0,199,206,132,2,1
Mon Sep 26 15:14:41 2016,3777,-3672,1664,6374,-1130,714,-1251,11985,1094,1069,456,0,0,0,199,206,133,2,1
Mon Sep 26 15:14:41 2016,3787,-4568,1552,5228,-1246,1067,-1279,11927,1095,1070,449,0,0,0,199,206,132,2,1
Mon Sep 26 15:14:41 2016,3797,-4830,1226,8072,-1159,854,-1509,13261,1102,1077,448,0,0,0,199,206,132,2,1
Mon Sep 26 15:14:41 2016,3807,-4454,1226,8320,-1177,968,-1294,13318,1103,1077,441,0,0,0,199,206,132,2,1
Mon Sep 26 15:14:41 2016,3817,-4230,542,7588,-1132,1303,-1336,13299,1102,1076,440,0,0,0,199,206,133,2,1
Mon Sep 26 15:14:41 2016,3826,-4790,452,6620,-922,1564,-1280,13315,1101,1077,441,0,0,0,199,206,132,2,1
Mon Sep 26 15:14:41 2016,3836,-4650,254,6862,-556,1650,-1013,13321,1099,1076,440,0,0,0,199,206,133,2,1
Mon Sep 26 15:14:41 2016,3847,-4450,688,7740,-323,1778,-750,13293,1100,1075,440,0,0,0,199,206,133,2,1
Mon Sep 26 15:14:41 2016,3857,-3532,1346,8454,-190,2484,-705,13302,1098,1075,441,0,0,0,199,206,133,2,1
Mon Sep 26 15:14:41 2016,3867,-4684,898,6630,-66,2977,-530,13298,1099,1073,438,0,0,0,199,206,132,2,1
Mon Sep 26 15:14:41 2016,3877,-3886,1292,7040,-13,3641,-689,13316,1096,1071,440,0,0,0,199,206,133,2,1
Mon Sep 26 15:14:41 2016,3887,-4732,624,7076,152,4403,-788,13278,1095,1071,442,0,0,0,199,206,132,2,1
Mon Sep 26 15:14:41 2016,3897,-5234,906,8006,468,5028,-810,13276,1098,1071,440,0,0,0,199,206,133,2,1
Mon Sep 26 15:14:41 2016,3907,-6696,1704,6488,871,5805,-683,13270,1097,1065,440,0,0,0,199,206,133,2,1
Mon Sep 26 15:14:41 2016,3917,-4046,-1280,7300,872,6663,-734,13272,1088,1052,443,0,0,0,199,206,133,2,1
Mon Sep 26 15:14:41 2016,3927,-5762,-376,8396,1081,7922,-475,13224,1073,1032,438,0,0,0,199,206,132,2,1
Mon Sep 26 15:14:42 2016,3937,-4178,-1670,7096,811,8869,-703,13228,1052,991,439,0,0,0,199,206,133,2,1
Mon Sep 26 15:14:42 2016,3947,50,-3392,8262,744,10241,-730,13213,1014,940,438,0,0,0,199,206,132,2,1
Mon Sep 26 15:14:42 2016,3957,-3302,938,7072,1138,12020,-757,13198,974,953,447,0,0,0,199,206,132,2,1
Mon Sep 26 15:14:42 2016,3967,-4642,46,6138,1320,13273,-947,13159,987,1064,439,0,0,0,199,206,132,2,1
Mon Sep 26 15:14:42 2016,3977,-6664,4938,12382,2248,15617,-930,13201,1036,1151,438,0,0,0,199,206,133,2,1
Mon Sep 26 15:14:42 2016,3987,-9252,1318,7514,3151,16841,-552,13160,1039,1154,436,0,0,0,199,206,133,2,1
Mon Sep 26 15:14:42 2016,3996,-17756,5828,14326,4901,17854,-300,13187,1040,1155,437,0,0,0,199,206,133,2,1
Mon Sep 26 15:14:42 2016,4007,-14696,-2458,14684,7253,16954,-447,13178,1028,1138,445,0,0,0,199,206,133,2,1
Mon Sep 26 15:14:42 2016,4017,-15042,2016,11062,7519,14232,-662,13190,1020,1115,438,0,0,0,199,206,133,2,1
Mon Sep 26 15:14:42 2016,4027,-16900,3006,12632,7556,12554,191,13170,958,1018,446,0,0,0,199,206,133,2,1
Mon Sep 26 15:14:42 2016,4037,-4640,2922,15092,7827,9538,-197,13197,958,828,442,0,0,0,199,206,133,2,1
Mon Sep 26 15:14:42 2016,4047,-4852,8184,21118,7636,7010,-1603,13230,1053,970,440,0,0,0,199,206,133,2,1
Mon Sep 26 15:14:42 2016,4057,-24268,8068,29274,2426,3391,-3565,13291,1057,995,439,0,0,0,199,206,133,2,1
Mon Sep 26 15:14:42 2016,4067,-9526,11132,32767,1343,-465,-4351,13269,1056,991,439,0,0,0,199,206,133,2,1
Mon Sep 26 15:14:42 2016,4077,-740,5792,22618,-1290,-4581,-4517,13132,1056,987,443,0,0,0,199,206,133,2,1
Mon Sep 26 15:14:42 2016,4087,1926,4290,17534,-1766,-6457,-4001,12022,1048,978,449,0,0,0,199,206,133,2,1
Mon Sep 26 15:14:42 2016,4097,3806,3698,13036,-1006,-7468,-3843,11998,1046,977,455,0,0,0,199,206,133,2,1
Mon Sep 26 15:14:42 2016,4107,-284,4822,8438,-1106,-7238,-3718,11960,1045,969,442,0,0,0,199,206,133,2,1
Mon Sep 26 15:14:42 2016,4117,-1860,5440,10472,-214,-8308,-3493,11967,1044,965,432,0,0,0,199,206,132,2,1
Mon Sep 26 15:14:42 2016,4127,-3544,6306,10788,-236,-9206,-3079,12052,1045,967,455,0,0,0,199,206,132,2,1
Mon Sep 26 15:14:42 2016,4137,-4414,6632,9032,-580,-10533,-2356,11960,1044,967,423,0,0,0,199,206,132,2,1
Mon Sep 26 15:14:42 2016,4147,-3912,6146,7456,-887,-11091,-1948,11978,1045,966,446,0,0,0,199,206,133,2,1
Mon Sep 26 15:14:42 2016,4157,-3598,3900,5322,-982,-11314,-1429,11954,1043,965,442,0,0,0,199,206,133,2,1
Mon Sep 26 15:14:42 2016,4167,-3996,3372,4436,-734,-11052,-1208,12086,1045,964,430,0,0,0,199,206,132,2,1
Mon Sep 26 15:14:42 2016,4177,-5778,4454,4684,-116,-10762,-734,11985,1050,965,435,0,0,0,199,206,132,2,1
Mon Sep 26 15:14:42 2016,4187,-6378,4248,5664,340,-10786,-307,11909,1044,965,428,0,0,0,199,206,132,2,1
Mon Sep 26 15:14:42 2016,4196,-7478,4108,5632,1181,-10625,322,11934,1045,966,435,0,0,0,199,206,132,2,1
Mon Sep 26 15:14:42 2016,4207,-7784,3960,6420,1663,-10604,841,11926,1046,968,433,0,0,0,199,206,133,2,1
Mon Sep 26 15:14:42 2016,4218,-8542,4068,7086,2321,-10466,1600,11919,1046,970,438,0,0,0,199,206,133,2,1
Mon Sep 26 15:14:42 2016,4227,-8834,4120,7142,2588,-10350,2140,11993,1046,971,455,0,0,0,199,206,132,2,1
Mon Sep 26 15:14:42 2016,4237,-9174,3980,7432,2652,-10219,2933,11902,1046,970,444,0,0,0,199,206,133,2,1
Mon Sep 26 15:14:42 2016,4246,-10488,4442,8310,2640,-10088,3382,11921,1045,972,459,0,0,0,199,206,132,2,1
Mon Sep 26 15:14:42 2016,4256,-10274,4158,8306,2167,-9976,4080,11892,1045,972,437,0,0,0,199,206,133,2,1
Mon Sep 26 15:14:42 2016,4267,-9902,3788,8728,1919,-9869,4563,11975,1045,970,453,0,0,0,199,206,133,2,1
Mon Sep 26 15:14:42 2016,4277,-9550,3256,8686,1695,-9635,4958,11951,1045,970,454,0,0,0,199,206,133,2,1
Mon Sep 26 15:14:42 2016,4287,-9582,2666,9306,1588,-9242,5351,11915,1046,969,447,0,0,0,199,206,133,2,1
Mon Sep 26 15:14:42 2016,4297,-10358,2444,9910,1618,-8976,5558,11952,1044,965,440,0,0,0,199,206,133,2,1
Mon Sep 26 15:14:42 2016,4307,-11070,2220,10746,1911,-8753,5822,11986,1044,965,435,0,0,0,199,206,134,2,1
Mon Sep 26 15:14:42 2016,4317,-11594,2066,11678,2246,-8560,5843,11955,1043,963,451,0,0,0,199,206,133,2,1
Mon Sep 26 15:14:42 2016,4326,-13222,2506,12608,2510,-8571,5802,12017,1043,963,451,0,0,0,199,206,133,2,1
Mon Sep 26 15:14:42 2016,4337,-14606,2742,13772,2491,-8852,5326,11940,1042,962,435,0,0,0,199,206,132,2,1
Mon Sep 26 15:14:42 2016,4347,-16256,3400,12982,2230,-9214,4742,12021,1042,962,434,0,0,0,199,206,133,2,1
Mon Sep 26 15:14:42 2016,4357,-15822,2972,11352,1843,-9554,3825,11949,1043,962,436,0,0,0,199,206,132,2,1
Mon Sep 26 15:14:42 2016,4367,-15640,1148,8160,2065,-9460,3374,11944,1042,963,437,0,0,0,199,206,133,2,1
Mon Sep 26 15:14:42 2016,4376,-15684,208,6582,2925,-8873,2935,11940,1042,965,446,0,0,0,199,206,133,2,1
Mon Sep 26 15:14:42 2016,4386,-16618,-1252,4500,3696,-8407,2845,11947,1040,965,445,0,0,0,199,206,133,2,1
Mon Sep 26 15:14:42 2016,4398,-17576,-3676,2716,4978,-7705,3114,11934,1042,965,436,0,0,0,199,206,134,2,1
Mon Sep 26 15:14:42 2016,4407,-20718,-5410,-1896,5839,-7297,3428,12044,1041,966,447,0,0,0,199,206,133,2,1
Mon Sep 26 15:14:42 2016,4417,-21908,-5058,-7114,5926,-6752,3439,11955,1041,969,447,0,0,0,199,206,133,2,1
Mon Sep 26 15:14:42 2016,4427,-23424,-6322,-12886,4675,-5094,2950,11945,1048,971,451,0,0,0,199,206,134,2,1
Mon Sep 26 15:14:42 2016,4436,-22980,-6154,-15296,3409,-3479,2405,11893,1042,972,450,0,0,0,199,206,133,2,1
Mon Sep 26 15:14:42 2016,4447,-19896,-3828,-13988,520,-350,955,11956,1041,973,446,0,0,0,199,206,133,2,1
Mon Sep 26 15:14:42 2016,4457,-18440,-2818,-9980,-1701,1664,-333,12031,1041,973,451,0,0,0,199,206,132,2,1
Mon Sep 26 15:14:42 2016,4467,-18652,-2290,-2810,-3627,3366,-1587,11888,1040,975,447,0,0,0,199,206,132,2,1
Mon Sep 26 15:14:42 2016,4477,-17302,-1956,372,-3920,3782,-1785,11890,1041,976,438,0,0,0,199,206,133,2,1
Mon Sep 26 15:14:42 2016,4487,-16620,-1106,4356,-2962,3871,-1230,11921,1041,978,436,0,0,0,199,206,133,2,1
Mon Sep 26 15:14:42 2016,4497,-15872,-254,3410,-2118,3639,-505,11904,1043,979,446,0,0,0,199,206,133,2,1
Mon Sep 26 15:14:42 2016,4507,-10192,1936,4596,-1446,4057,693,11909,1041,980,432,0,0,0,199,206,133,2,1
Mon Sep 26 15:14:42 2016,4516,32767,7590,21230,-1425,4424,1517,12358,1046,984,448,0,0,0,199,206,133,2,1
Mon Sep 26 15:14:42 2016,4527,9514,20210,-2522,-3932,7936,1158,11887,1035,976,449,0,0,0,199,206,133,2,1
Mon Sep 26 15:14:42 2016,4538,21134,-16708,-11766,-7249,10532,-3089,11877,1042,990,445,0,0,0,199,206,133,2,1
Mon Sep 26 15:14:42 2016,4548,-14054,-13200,20162,-1401,14761,-2287,11855,1046,992,438,0,0,0,199,206,133,2,1
Mon Sep 26 15:14:42 2016,4556,-23192,-10400,23734,-1777,15155,-1427,11926,1056,993,438,0,0,0,199,206,133,2,1
Mon Sep 26 15:14:42 2016,4566,-23392,3372,4652,-168,13855,-2010,12024,1077,1016,444,0,0,0,199,206,131,2,1
Mon Sep 26 15:14:42 2016,4577,-32768,28368,21040,-6045,12127,-1189,12016,1084,1030,454,0,0,0,199,206,131,2,1
Mon Sep 26 15:14:42 2016,4587,-19982,-20474,19294,-5634,5019,-1787,11942,1084,1031,445,0,0,0,199,206,131,2,1
Mon Sep 26 15:14:42 2016,4596,-4956,-17042,12608,-2301,3237,-1639,12000,1083,1031,444,0,0,0,199,206,133,2,1
Mon Sep 26 15:14:42 2016,4607,-14352,12802,3942,-1162,4026,-164,12039,1090,1043,441,0,0,0,199,206,132,2,1
Mon Sep 26 15:14:42 2016,4617,-6372,3286,10424,-1571,1291,-603,11976,1091,1044,443,0,0,0,199,206,132,2,1
Mon Sep 26 15:14:42 2016,4627,-5812,2198,8164,-1630,501,-882,11993,1093,1045,455,0,0,0,199,206,131,2,1
Mon Sep 26 15:14:42 2016,4637,-5124,1728,8170,-1296,532,-528,12015,1093,1048,439,0,0,0,199,206,132,2,1
Mon Sep 26 15:14:42 2016,4647,-4320,1072,7330,-762,268,-414,12042,1093,1049,437,0,0,0,199,206,132,2,1
Mon Sep 26 15:14:42 2016,4657,-3568,2142,6492,-607,104,-332,11972,1092,1050,444,0,0,0,199,206,132,2,1
Mon Sep 26 15:14:42 2016,4667,-3776,1296,7706,-435,162,-321,11969,1094,1049,450,0,0,0,199,206,131,2,1
Mon Sep 26 15:14:42 2016,4677,-3312,482,7466,-255,387,-341,11916,1091,1049,445,0,0,0,199,206,132,2,1
Mon Sep 26 15:14:42 2016,4687,-3242,150,6290,-132,593,-196,11922,1092,1048,441,0,0,0,199,206,131,2,1
Mon Sep 26 15:14:42 2016,4696,-3478,602,7418,67,600,-135,11911,1089,1048,436,0,0,0,199,206,131,2,1
Mon Sep 26 15:14:42 2016,4707,-4536,714,7690,356,787,55,11914,1090,1048,431,0,0,0,199,206,132,2,1
Mon Sep 26 15:14:42 2016,4717,-4330,418,6118,540,901,225,11899,1090,1048,457,0,0,0,199,206,131,2,1
Mon Sep 26 15:14:42 2016,4728,-3988,408,7196,632,1067,387,11919,1092,1051,437,0,0,0,199,206,131,2,1
Mon Sep 26 15:14:42 2016,4738,-2876,708,7428,786,1078,487,11900,1093,1051,431,0,0,0,199,206,133,2,1
Mon Sep 26 15:14:42 2016,4747,-4158,1422,7752,679,1112,534,11925,1094,1055,458,0,0,0,199,206,132,2,1
Mon Sep 26 15:14:42 2016,4757,-3678,1268,7106,657,1057,326,11882,1093,1056,449,0,0,0,199,206,131,2,1
Mon Sep 26 15:14:42 2016,4768,-4168,1164,6924,651,1151,219,11989,1094,1056,436,0,0,0,199,206,132,2,1
Mon Sep 26 15:14:42 2016,4777,-4134,1156,6856,649,1144,212,11989,1094,1057,451,0,0,0,199,206,132,2,1
Mon Sep 26 15:14:42 2016,4787,-4034,1194,6812,656,1127,148,11923,1094,1056,452,0,0,0,199,206,131,2,1
Mon Sep 26 15:14:42 2016,4797,-3482,892,6918,649,1168,42,13228,1101,1060,441,0,0,0,199,206,132,2,1
Mon Sep 26 15:14:42 2016,4807,-4196,1004,7000,660,1219,-5,13254,1101,1060,448,0,0,0,199,206,132,2,1
Mon Sep 26 15:14:42 2016,4817,-4642,1090,6878,582,1204,42,13257,1099,1058,441,0,0,0,199,206,133,2,1
Mon Sep 26 15:14:42 2016,4827,-4326,896,6608,544,1179,84,13266,1098,1055,439,0,0,0,199,206,132,2,1
Mon Sep 26 15:14:42 2016,4837,-3876,974,6012,495,1175,-23,13267,1095,1050,442,0,0,0,199,206,132,2,1
Mon Sep 26 15:14:42 2016,4847,-3972,1806,6182,389,1148,-44,13251,1094,1048,440,0,0,0,199,206,132,2,1
Mon Sep 26 15:14:42 2016,4857,-4066,1634,6214,238,1205,-236,13269,1092,1042,447,0,0,0,199,206,132,2,1
Mon Sep 26 15:14:42 2016,4867,-4034,1162,5954,109,1206,-272,13252,1090,1040,439,0,0,0,199,206,133,2,1
Mon Sep 26 15:14:42 2016,4877,-4580,1748,6346,-67,1169,-329,13307,1088,1036,441,0,0,0,199,206,133,2,1
Mon Sep 26 15:14:42 2016,4887,-4194,1530,6260,-174,1117,-421,13244,1088,1037,442,0,0,0,199,206,132,2,1
Mon Sep 26 15:14:42 2016,4897,-3696,1348,5754,-346,1161,-659,13261,1087,1036,438,0,0,0,199,206,132,2,1
Mon Sep 26 15:14:42 2016,4907,-4622,904,5296,-490,1167,-776,13234,1086,1036,441,0,0,0,199,206,133,2,1
Mon Sep 26 15:14:42 2016,4917,-4538,1032,6346,-401,902,-752,13278,1085,1034,438,0,0,0,199,206,132,2,1
Mon Sep 26 15:14:42 2016,4927,-5580,374,6542,-418,949,-942,13232,1085,1037,440,0,0,0,199,206,133,2,1
Mon Sep 26 15:14:43 2016,4937,-4598,812,6914,-294,669,-884,13203,1084,1035,438,0,0,0,199,206,133,2,1
Mon Sep 26 15:14:43 2016,4947,-3706,-162,5298,-323,1320,-819,13283,1083,1034,438,0,0,0,199,206,132,2,1
Mon Sep 26 15:14:43 2016,4957,-4828,956,7200,-327,1384,-764,13210,1080,1032,439,0,0,0,199,206,133,2,1
Mon Sep 26 15:14:43 2016,4967,-4996,676,6318,-239,1333,-886,13220,1078,1032,440,0,0,0,199,206,133,2,1
Mon Sep 26 15:14:43 2016,4976,-4574,1146,6924,-149,1389,-869,13202,1076,1030,437,0,0,0,199,206,132,2,1
Mon Sep 26 15:14:43 2016,4986,-4626,852,6572,-155,1647,-817,13185,1076,1030,438,0,0,0,199,206,133,2,1
Mon Sep 26 15:14:43 2016,4996,-4384,746,6532,-145,2089,-648,13217,1074,1030,441,0,0,0,199,206,132,2,1
Mon Sep 26 15:14:43 2016,5007,-4760,1158,6588,-102,2249,-537,13201,1075,1029,446,0,0,0,199,206,133,2,1
Mon Sep 26 15:14:43 2016,5016,-4192,1206,7332,-30,2693,-680,13230,1073,1030,440,0,0,0,199,206,132,2,1
Mon Sep 26 15:14:43 2016,5027,-6342,970,6928,56,3217,-823,13188,1075,1030,438,0,0,0,199,206,132,2,1
Mon Sep 26 15:14:43 2016,5037,-4966,558,6548,532,4215,-998,13206,1075,1027,438,0,0,0,199,206,132,2,1
Mon Sep 26 15:14:43 2016,5047,-5290,852,9106,439,4172,-507,13197,1073,1020,438,0,0,0,199,206,133,2,1
Mon Sep 26 15:14:43 2016,5057,-5482,924,6964,537,5034,-323,12749,1058,1008,448,0,0,0,199,206,133,2,1
Mon Sep 26 15:14:43 2016,5067,-4542,484,7618,693,5925,-505,12019,1050,995,449,0,0,0,199,206,131,2,1
Mon Sep 26 15:14:43 2016,5077,-5992,892,7792,325,7321,-294,11940,1039,976,445,0,0,0,199,206,131,2,1
Mon Sep 26 15:14:43 2016,5087,-8178,2814,6466,457,8034,-722,11975,1017,914,447,0,0,0,199,206,131,2,1
Mon Sep 26 15:14:43 2016,5097,-7050,1176,5288,560,9126,-344,12019,980,878,436,0,0,0,199,206,131,2,1
Mon Sep 26 15:14:43 2016,5107,-1222,-2290,9812,817,10466,-603,12014,942,886,437,0,0,0,199,206,131,2,1
Mon Sep 26 15:14:43 2016,5117,-4322,716,7300,917,12015,-446,12030,940,951,446,0,0,0,199,206,131,2,1
Mon Sep 26 15:14:43 2016,5127,-5396,1414,7338,1368,13759,-112,12009,988,1060,443,0,0,0,199,206,131,2,1
Mon Sep 26 15:14:43 2016,5137,-9118,2990,8550,2112,15361,90,11952,1004,1074,449,0,0,0,199,206,132,2,1
Mon Sep 26 15:14:43 2016,5147,-11520,5582,9554,2896,16530,-149,12086,1012,1086,450,0,0,0,199,206,131,2,1
Mon Sep 26 15:14:43 2016,5157,-17172,2912,7484,3929,16571,-790,11943,1007,1082,432,0,0,0,199,206,131,2,1
Mon Sep 26 15:14:43 2016,5167,-17582,2232,16390,5707,15739,-884,11983,1005,1075,451,0,0,0,199,206,131,2,1
Mon Sep 26 15:14:43 2016,5177,-12862,-1068,12522,6931,14468,-1319,11900,976,1036,452,0,0,0,199,206,131,2,1
Mon Sep 26 15:14:43 2016,5187,-17434,1014,14676,6905,10669,-756,11964,902,908,444,0,0,0,199,206,131,2,1
Mon Sep 26 15:14:43 2016,5197,-13794,8208,17874,6589,9004,-256,11908,892,796,455,0,0,0,199,206,131,2,1
Mon Sep 26 15:14:43 2016,5207,-3952,4476,18146,5993,6684,-1464,11943,1044,962,452,0,0,0,199,206,131,2,1
Mon Sep 26 15:14:43 2016,5217,-32768,20228,26000,3358,3499,-2937,11897,1051,972,435,0,0,0,199,206,131,2,1
Mon Sep 26 15:14:43 2016,5226,-10270,9788,32767,2565,76,-4531,12016,1050,965,441,0,0,0,199,206,131,2,1
Mon Sep 26 15:14:43 2016,5236,-1954,7856,20212,-73,-4892,-4534,11932,1048,960,456,0,0,0,199,206,131,2,1
Mon Sep 26 15:14:43 2016,5247,2604,3818,14830,-1186,-6601,-4266,11941,1047,957,447,0,0,0,199,206,131,2,1
Mon Sep 26 15:14:43 2016,5256,2224,3842,8766,-953,-6831,-4343,11895,1045,950,450,0,0,0,199,206,132,2,1
Mon Sep 26 15:14:43 2016,5267,1604,4474,7474,-630,-6847,-3929,11975,1047,949,428,0,0,0,199,206,132,2,1
Mon Sep 26 15:14:43 2016,5278,-110,5312,7688,-648,-7209,-3523,11918,1046,948,450,0,0,0,199,206,132,2,1
Mon Sep 26 15:14:43 2016,5288,-966,5668,7756,-988,-7845,-2908,11933,1046,950,451,0,0,0,199,206,132,2,1
Mon Sep 26 15:14:43 2016,5297,-1526,5598,7004,-1245,-8210,-2441,12213,1054,954,433,0,0,0,199,206,131,2,1
Mon Sep 26 15:14:43 2016,5306,-1626,5078,6234,-1378,-8512,-1972,12466,1048,953,445,0,0,0,199,206,132,2,1
Mon Sep 26 15:14:43 2016,5316,-2476,4480,6030,-1061,-8833,-1219,11966,1049,954,455,0,0,0,199,206,131,2,1
Mon Sep 26 15:14:43 2016,5327,-3860,3804,5506,-563,-8989,-702,12578,1048,954,439,0,0,0,199,206,132,2,1
Mon Sep 26 15:14:43 2016,5337,-5180,4212,5028,-106,-9505,18,11965,1049,955,442,0,0,0,199,206,131,2,1
Mon Sep 26 15:14:43 2016,5347,-5110,5398,6560,8,-9834,319,12389,1050,956,446,0,0,0,199,206,133,2,1
Mon Sep 26 15:14:43 2016,5357,-5426,5700,5898,-130,-10081,734,12024,1053,958,451,0,0,0,199,206,131,2,1
Mon Sep 26 15:14:43 2016,5367,-5798,5540,5668,-224,-10200,1056,12391,1050,959,443,0,0,0,199,206,132,2,1
Mon Sep 26 15:14:43 2016,5377,-7278,4920,6088,-83,-10166,1671,12043,1053,961,427,0,0,0,199,206,131,2,1
Mon Sep 26 15:14:43 2016,5387,-7842,4620,6698,210,-10214,2181,12427,1051,963,455,0,0,0,199,206,133,2,1
Mon Sep 26 15:14:43 2016,5397,-8308,4430,6928,708,-10329,2980,12005,1052,964,443,0,0,0,199,206,131,2,1
Mon Sep 26 15:14:43 2016,5407,-8196,5070,7884,990,-10316,3468,12366,1051,965,451,0,0,0,199,206,132,2,1
Mon Sep 26 15:14:43 2016,5417,-9570,4626,7870,1247,-10193,4307,11955,1051,964,448,0,0,0,199,206,131,2,1
Mon Sep 26 15:14:43 2016,5427,-10078,4580,7522,1253,-10161,4817,12170,1050,964,437,0,0,0,199,206,132,2,1
Mon Sep 26 15:14:43 2016,5437,-10544,4830,9180,981,-9957,5521,11907,1049,963,448,0,0,0,199,206,131,2,1
Mon Sep 26 15:14:43 2016,5447,-11378,4590,10170,697,-9807,5952,12136,1049,960,429,0,0,0,199,206,133,2,1
Mon Sep 26 15:14:43 2016,5457,-11806,4364,11096,173,-9715,6441,11999,1049,961,452,0,0,0,199,206,131,2,1
Mon Sep 26 15:14:43 2016,5468,-13082,3668,12026,-58,-9756,6502,12165,1047,958,455,0,0,0,199,206,132,2,1
Mon Sep 26 15:14:43 2016,5476,-13642,2802,12762,-117,-9855,6389,11906,1048,959,441,0,0,0,199,206,131,2,1
Mon Sep 26 15:14:43 2016,5487,-15162,1970,13214,92,-9978,6147,12224,1046,957,425,0,0,0,199,206,132,2,1
Mon Sep 26 15:14:43 2016,5497,-16026,1676,13144,789,-10211,5329,11920,1046,957,443,0,0,0,199,206,131,2,1
Mon Sep 26 15:14:43 2016,5506,-16900,1486,12510,1441,-10358,4606,12167,1045,957,437,0,0,0,199,206,133,2,1
Mon Sep 26 15:14:43 2016,5516,-17312,1886,11578,2147,-10456,3770,11966,1046,959,430,0,0,0,199,206,130,2,1
Mon Sep 26 15:14:43 2016,5527,-17548,2738,9804,3148,-10336,2309,12173,1046,958,441,0,0,0,199,206,132,2,1
Mon Sep 26 15:14:43 2016,5537,-17628,2460,8316,4276,-9971,1114,11953,1046,961,426,0,0,0,199,206,131,2,1
Mon Sep 26 15:14:43 2016,5547,-18028,-356,5940,5532,-9652,793,12167,1046,961,448,0,0,0,199,206,132,2,1
Mon Sep 26 15:14:43 2016,5557,-17484,-2118,3844,7972,-9103,1184,11958,1047,963,430,0,0,0,199,206,131,2,1
Mon Sep 26 15:14:43 2016,5567,-17806,-5770,1376,9583,-8559,2147,12142,1047,965,444,0,0,0,199,206,132,2,1
Mon Sep 26 15:14:43 2016,5577,-22248,-4748,-1852,10893,-8178,3692,11946,1047,966,433,0,0,0,199,206,131,2,1
Mon Sep 26 15:14:43 2016,5587,-24818,-3112,-11550,9645,-7811,4188,12094,1047,966,452,0,0,0,199,206,130,2,1
Mon Sep 26 15:14:43 2016,5597,-23178,-4506,-16592,7347,-6607,4270,11965,1046,969,455,0,0,0,199,206,131,2,1
Mon Sep 26 15:14:43 2016,5607,-20418,-3440,-17002,2798,-3146,3196,12254,1048,971,444,0,0,0,199,206,131,2,1
Mon Sep 26 15:14:43 2016,5616,-17974,-3178,-15060,-579,-655,1607,12015,1047,971,448,0,0,0,199,206,131,2,1
Mon Sep 26 15:14:43 2016,5626,-16154,-4080,-9540,-4569,2179,-1051,12108,1048,972,441,0,0,0,199,206,131,2,1
Mon Sep 26 15:14:43 2016,5637,-15406,-4788,-5592,-5331,3869,-2873,11987,1048,973,446,0,0,0,199,206,131,2,1
Mon Sep 26 15:14:43 2016,5646,-15448,-4238,-24,-4394,4515,-3124,12116,1049,974,439,0,0,0,199,206,131,2,1
Mon Sep 26 15:14:43 2016,5656,-15312,-3108,1952,-2838,4664,-3012,11960,1048,977,446,0,0,0,199,206,131,2,1
Mon Sep 26 15:14:43 2016,5667,-16128,-934,4470,-361,4347,-1958,12119,1049,979,444,0,0,0,199,206,131,2,1
Mon Sep 26 15:14:43 2016,5677,31290,14506,29256,1083,3861,-1262,11898,1043,979,449,0,0,0,199,206,131,2,1
Mon Sep 26 15:14:43 2016,5687,-2670,12206,60,-6027,7408,-493,12043,1045,980,436,0,0,0,199,206,131,2,1
Mon Sep 26 15:14:43 2016,5697,18062,-9266,-4206,-8962,8736,-3522,11900,1049,994,441,0,0,0,199,206,131,2,1
Mon Sep 26 15:14:43 2016,5707,-6316,-21264,16766,-3577,14030,-3477,12047,1053,999,443,0,0,0,199,206,131,2,1
Mon Sep 26 15:14:43 2016,5717,-30610,-10056,26236,-1780,13286,-2700,11856,1055,995,451,0,0,0,199,206,131,2,1
Mon Sep 26 15:14:43 2016,5727,-20696,32767,32767,-4861,10692,-1732,12078,1077,1007,447,0,0,0,199,206,131,2,1
Mon Sep 26 15:14:43 2016,5737,-23422,14846,4248,-7982,7430,-2271,13105,1096,1026,449,0,0,0,199,206,132,2,1
Mon Sep 26 15:14:43 2016,5747,-10014,-24132,10790,-5738,4301,-827,12065,1093,1034,447,0,0,0,199,206,130,2,1
Mon Sep 26 15:14:43 2016,5757,-5786,-7622,9730,-965,4368,-1847,11903,1091,1038,441,0,0,0,199,206,131,2,1
Mon Sep 26 15:14:43 2016,5766,-13212,6040,6902,-1914,2719,-405,12129,1098,1046,449,0,0,0,199,206,131,2,1
Mon Sep 26 15:14:43 2016,5777,-6364,-714,9492,-1952,1679,-944,11916,1099,1051,429,0,0,0,199,206,131,2,1
Mon Sep 26 15:14:43 2016,5787,-7360,696,7870,-1771,942,-1118,12260,1102,1056,439,0,0,0,199,206,132,2,1
Mon Sep 26 15:14:43 2016,5797,-6668,-540,8496,-1128,478,-602,11950,1101,1057,437,0,0,0,199,206,131,2,1
Mon Sep 26 15:14:43 2016,5807,-5570,2236,7370,-1070,488,-412,12134,1101,1057,445,0,0,0,199,206,131,2,1
Mon Sep 26 15:14:43 2016,5817,-4432,1402,6816,-864,378,-385,11930,1100,1059,442,0,0,0,199,206,131,2,1
Mon Sep 26 15:14:43 2016,5828,-3704,-146,6976,-598,343,-421,12136,1101,1060,454,0,0,0,199,206,131,2,1
Mon Sep 26 15:14:43 2016,5838,-3996,808,7610,-429,175,-299,11950,1100,1059,442,0,0,0,199,206,131,2,1
Mon Sep 26 15:14:43 2016,5847,-3742,284,7432,-311,96,-256,12251,1099,1056,444,0,0,0,199,206,132,2,1
Mon Sep 26 15:14:43 2016,5858,-4150,270,7462,-138,212,-118,11929,1097,1057,455,0,0,0,199,206,131,2,1
Mon Sep 26 15:14:43 2016,5867,-3756,278,7368,78,269,10,12115,1098,1059,433,0,0,0,199,206,131,2,1
Mon Sep 26 15:14:43 2016,5877,-3934,242,7194,227,339,169,12048,1098,1057,434,0,0,0,199,206,131,2,1
Mon Sep 26 15:14:43 2016,5887,-4006,248,7042,463,434,344,12148,1100,1060,445,0,0,0,199,206,132,2,1
Mon Sep 26 15:14:43 2016,5897,-3534,538,7486,653,397,504,11929,1100,1062,448,0,0,0,199,206,131,2,1
Mon Sep 26 15:14:43 2016,5907,-4060,782,6986,700,491,572,12205,1102,1069,431,0,0,0,199,206,131,2,1
Mon Sep 26 15:14:43 2016,5917,-3360,1350,7106,701,566,519,12035,1103,1066,436,0,0,0,199,206,131,2,1
Mon Sep 26 15:14:43 2016,5927,-3226,2052,8076,524,723,343,12210,1104,1069,439,0,0,0,199,206,131,2,1
Mon Sep 26 15:14:44 2016,5936,-3494,1560,7050,361,828,150,11876,1103,1067,456,0,0,0,199,206,131,2,1
Mon Sep 26 15:14:44 2016,5947,-4258,1208,6838,327,866,11,12225,1102,1068,444,0,0,0,199,206,131,2,1
Mon Sep 26 15:14:44 2016,5956,-4094,1208,6726,289,779,-34,11900,1102,1066,444,0,0,0,199,206,131,2,1
Mon Sep 26 15:14:44 2016,5967,-3844,1148,6898,181,733,-71,12239,1101,1067,441,0,0,0,199,206,131,2,1
Mon Sep 26 15:14:44 2016,5977,-4052,914,7190,123,760,-108,11861,1102,1065,448,0,0,0,199,206,131,2,1
Mon Sep 26 15:14:44 2016,5987,-4360,660,6922,245,693,-14,12306,1100,1064,441,0,0,0,199,206,131,2,1
Mon Sep 26 15:14:44 2016,5997,-4380,472,7032,327,641,75,11887,1100,1063,448,0,0,0,199,206,132,2,1
Mon Sep 26 15:14:44 2016,6007,-4246,632,6864,394,553,210,12294,1100,1062,448,0,0,0,199,206,131,2,1
Mon Sep 26 15:14:44 2016,6017,-4052,1470,6520,376,516,225,12154,1101,1062,440,0,0,0,199,206,131,2,1
Mon Sep 26 15:14:44 2016,6027,-3912,1138,6596,320,512,114,12241,1099,1060,456,0,0,0,199,206,132,2,1
Mon Sep 26 15:14:44 2016,6037,-3932,1216,6640,252,562,28,11896,1101,1058,443,0,0,0,199,206,131,2,1
Mon Sep 26 15:14:44 2016,6047,-4044,1072,6520,192,562,-64,12215,1098,1057,449,0,0,0,199,206,130,2,1
Mon Sep 26 15:14:44 2016,6057,-3896,1478,6476,116,552,-143,11905,1097,1055,448,0,0,0,199,206,131,2,1
Mon Sep 26 15:14:44 2016,6067,-3950,1224,6646,-40,609,-284,12267,1097,1056,430,0,0,0,199,206,131,2,1
Mon Sep 26 15:14:44 2016,6077,-4392,940,4498,-170,651,-333,11910,1096,1055,447,0,0,0,199,206,132,2,1
Mon Sep 26 15:14:44 2016,6087,-3506,816,6934,-380,592,-490,12363,1095,1054,448,0,0,0,199,206,131,2,1
Mon Sep 26 15:14:44 2016,6096,-5652,1988,6738,-363,589,-453,11919,1095,1053,450,0,0,0,199,206,131,2,1
Mon Sep 26 15:14:44 2016,6107,-5568,1820,7992,-427,413,-663,12279,1096,1056,451,0,0,0,199,206,131,2,1
Mon Sep 26 15:14:44 2016,6117,-4002,808,7358,-378,432,-433,11940,1095,1053,434,0,0,0,199,206,131,2,1
Mon Sep 26 15:14:44 2016,6127,-4258,388,8572,-404,616,-495,12255,1095,1054,455,0,0,0,199,206,131,2,1
Mon Sep 26 15:14:44 2016,6137,-3886,-596,6492,-300,546,-551,11938,1094,1052,436,0,0,0,199,206,131,2,1
Mon Sep 26 15:14:44 2016,6147,-4000,1092,5816,-377,953,-427,12237,1093,1053,441,0,0,0,199,206,131,2,1
Mon Sep 26 15:14:44 2016,6156,-4492,1036,7768,-345,1114,-451,11935,1092,1050,457,0,0,0,199,206,131,2,1
Mon Sep 26 15:14:44 2016,6168,-4154,360,6906,-304,1307,-564,12287,1091,1049,447,0,0,0,199,206,130,2,1
Mon Sep 26 15:14:44 2016,6177,-3954,726,6774,-274,1406,-393,11895,1087,1043,449,0,0,0,199,206,131,2,1
Mon Sep 26 15:14:44 2016,6187,-3576,1146,6124,-250,1734,-241,12247,1093,1045,438,0,0,0,199,206,131,2,1
Mon Sep 26 15:14:44 2016,6196,-4152,856,6952,-216,1885,-404,12000,1086,1036,452,0,0,0,199,206,132,2,1
Mon Sep 26 15:14:44 2016,6207,-4146,122,6262,-26,2098,-302,12319,1089,1039,434,0,0,0,199,206,131,2,1
Mon Sep 26 15:14:44 2016,6216,-3752,1048,6596,-71,2799,-412,11866,1078,1031,456,0,0,0,199,206,132,2,1
Mon Sep 26 15:14:44 2016,6227,-4900,1398,7090,120,3400,-638,12328,1083,1039,437,0,0,0,199,206,131,2,1
Mon Sep 26 15:14:44 2016,6237,-4758,1502,7650,109,3864,-591,11912,1080,1039,441,0,0,0,199,206,132,2,1
Mon Sep 26 15:14:44 2016,6247,-3082,-182,5946,953,4890,-748,12438,1089,1044,455,0,0,0,199,206,131,2,1
Mon Sep 26 15:14:44 2016,6257,-6100,1080,6108,741,5578,-1193,11843,1081,1026,455,0,0,0,199,206,132,2,1
Mon Sep 26 15:14:44 2016,6267,-5154,124,6264,784,6216,-914,12469,1075,1014,438,0,0,0,199,206,132,2,1
Mon Sep 26 15:14:44 2016,6277,-5454,-360,7392,675,7273,-716,11844,1055,989,443,0,0,0,199,206,133,2,1
Mon Sep 26 15:14:44 2016,6287,-7776,2890,7932,851,8307,-1207,12454,1036,955,434,0,0,0,199,206,132,2,1
Mon Sep 26 15:14:44 2016,6296,-2668,-242,10290,894,9326,-1097,11907,1000,885,455,0,0,0,199,206,132,2,1
Mon Sep 26 15:14:44 2016,6307,-5588,1434,7842,877,11030,-1220,12554,954,888,447,0,0,0,199,206,132,2,1
Mon Sep 26 15:14:44 2016,6317,-7728,3690,9714,1265,12236,-1413,12010,944,911,439,0,0,0,199,206,133,2,1
Mon Sep 26 15:14:44 2016,6327,-6510,3902,10166,1944,14430,-1835,12556,968,1011,436,0,0,0,199,206,132,2,1
Mon Sep 26 15:14:44 2016,6337,-8146,3346,8920,2877,15658,-1821,11854,992,1039,446,0,0,0,199,206,133,2,1
Mon Sep 26 15:14:44 2016,6347,-13132,2318,10050,4795,16199,-2136,12034,1001,1034,450,0,0,0,199,206,132,2,1
Mon Sep 26 15:14:44 2016,6357,-16026,1534,12408,6734,15901,-2049,11858,989,1030,448,0,0,0,199,206,133,2,1
Mon Sep 26 15:14:44 2016,6367,-16650,2212,13526,6765,15184,-2544,12061,984,1023,446,0,0,0,199,206,132,2,1
Mon Sep 26 15:14:44 2016,6377,-12622,2920,12670,7129,12465,-3480,11914,927,947,455,0,0,0,199,206,133,2,1
Mon Sep 26 15:14:44 2016,6386,-10206,188,11454,7600,11226,-3383,12485,912,810,454,0,0,0,199,206,134,2,1
Mon Sep 26 15:14:44 2016,6396,-4600,3750,16696,8542,7878,-3488,11891,1022,852,448,0,0,0,199,206,131,2,1
Mon Sep 26 15:14:44 2016,6407,-4616,7990,32767,7981,4120,-4356,12052,1054,980,448,0,0,0,199,206,132,2,1
Mon Sep 26 15:14:44 2016,6417,-28848,24818,18958,4190,1535,-4090,11901,1050,981,451,0,0,0,199,206,133,2,1
Mon Sep 26 15:14:44 2016,6427,-2908,11872,25992,942,-1967,-3462,12185,1057,983,435,0,0,0,199,206,132,2,1
Mon Sep 26 15:14:44 2016,6437,2762,6594,14906,-1127,-5090,-2405,12269,1049,974,445,0,0,0,199,206,131,2,1
Mon Sep 26 15:14:44 2016,6447,3004,3780,11056,-1626,-5834,-1944,13158,1055,975,439,0,0,0,199,206,134,2,1
Mon Sep 26 15:14:44 2016,6457,1346,1746,8304,-525,-6448,-1509,13172,1054,972,437,0,0,0,199,206,135,2,1
Mon Sep 26 15:14:44 2016,6466,-100,2070,8146,324,-6960,-1208,13173,1055,969,438,0,0,0,199,206,135,2,1
Mon Sep 26 15:14:44 2016,6476,-1452,2412,8998,1226,-8144,-818,13154,1056,971,437,0,0,0,199,206,133,2,1
Mon Sep 26 15:14:44 2016,6487,-1924,3388,8206,1468,-8997,-551,13177,1055,971,444,0,0,0,199,206,132,2,1
Mon Sep 26 15:14:44 2016,6496,-1714,3860,7238,1319,-9914,-197,13153,1056,972,446,0,0,0,199,206,132,2,1
Mon Sep 26 15:14:44 2016,6507,-2244,3550,4946,1010,-10040,-4,13135,1054,970,444,0,0,0,199,206,132,2,1
Mon Sep 26 15:14:44 2016,6516,-2568,3702,5950,667,-10228,158,13157,1054,970,444,0,0,0,199,206,132,2,1
Mon Sep 26 15:14:44 2016,6527,-3250,1596,4348,517,-10380,330,13225,1054,970,439,0,0,0,199,206,132,2,1
Mon Sep 26 15:14:44 2016,6537,-4138,2638,7094,997,-10400,668,13182,1053,969,437,0,0,0,199,206,132,2,1
Mon Sep 26 15:14:44 2016,6546,-5822,1910,7146,1567,-10414,943,13168,1051,969,438,0,0,0,199,206,132,2,1
Mon Sep 26 15:14:44 2016,6557,-6356,2314,7542,2611,-10679,1631,13218,1051,969,438,0,0,0,199,206,133,2,1
Mon Sep 26 15:14:44 2016,6567,-6154,2832,6606,3238,-10616,2251,13176,1051,970,436,0,0,0,199,206,132,2,1
Mon Sep 26 15:14:44 2016,6577,-6248,2866,6052,3840,-9987,3393,13210,1050,973,446,0,0,0,199,206,132,2,1
Mon Sep 26 15:14:44 2016,6587,-8144,3696,6944,3911,-9452,4211,13206,1050,976,437,0,0,0,199,206,132,2,1
Mon Sep 26 15:14:44 2016,6597,-9346,4368,8336,3395,-8818,5069,13189,1048,979,438,0,0,0,199,206,133,2,1
Mon Sep 26 15:14:44 2016,6607,-10774,3986,10118,2823,-8611,5549,13202,1048,982,441,0,0,0,199,206,132,2,1
Mon Sep 26 15:14:44 2016,6616,-11902,3344,9906,2215,-8392,5944,13200,1046,982,447,0,0,0,199,206,132,2,1
Mon Sep 26 15:14:44 2016,6627,-10988,1440,10630,2135,-8080,6103,13304,1046,984,439,0,0,0,199,206,132,2,1
Mon Sep 26 15:14:44 2016,6636,-12430,634,9868,2100,-7571,5632,13260,1045,983,439,0,0,0,199,206,132,2,1
Mon Sep 26 15:14:44 2016,6646,-13658,1178,10158,1971,-7416,5195,13298,1046,984,440,0,0,0,199,206,133,2,1
Mon Sep 26 15:14:44 2016,6657,-13898,1228,10048,1819,-7392,4514,13266,1044,983,440,0,0,0,199,206,132,2,1
Mon Sep 26 15:14:44 2016,6667,-13510,1868,8508,1766,-7180,4114,13259,1044,984,438,0,0,0,199,206,133,2,1
Mon Sep 26 15:14:44 2016,6677,-12862,2342,7704,1716,-6726,3573,13268,1042,981,440,0,0,0,199,206,132,2,1
Mon Sep 26 15:14:44 2016,6687,-12644,4318,7222,1535,-6358,3302,13258,1044,982,442,0,0,0,199,206,132,2,1
Mon Sep 26 15:14:44 2016,6697,-12914,5128,7700,1164,-6020,3252,13199,1042,981,438,0,0,0,199,206,132,2,1
Mon Sep 26 15:14:44 2016,6707,-12950,4954,7834,1095,-5982,3429,13162,1043,981,446,0,0,0,199,206,133,2,1
Mon Sep 26 15:14:44 2016,6716,-12660,4614,7378,1302,-6062,3774,13154,1042,980,436,0,0,0,199,206,132,2,1
Mon Sep 26 15:14:44 2016,6727,-12244,3820,6846,1597,-6086,4022,13171,1042,979,440,0,0,0,199,206,132,2,1
Mon Sep 26 15:14:44 2016,6737,-12048,2668,6542,2247,-6182,4335,12290,1035,973,443,0,0,0,199,206,133,2,1
Mon Sep 26 15:14:44 2016,6747,-11778,2042,6114,2678,-6244,4512,11997,1043,978,445,0,0,0,199,206,132,2,1
Mon Sep 26 15:14:44 2016,6758,-11640,1604,5438,3017,-6288,4577,11848,1037,973,434,0,0,0,199,206,132,2,1
Mon Sep 26 15:14:44 2016,6767,-10792,844,3954,2964,-6235,4504,12050,1035,971,449,0,0,0,199,206,132,2,1
Mon Sep 26 15:14:44 2016,6777,-10604,398,2660,2579,-5936,4175,11829,1035,973,428,0,0,0,199,206,133,2,1
Mon Sep 26 15:14:44 2016,6787,-10250,-782,-278,2220,-5548,3821,12282,1037,973,444,0,0,0,199,206,133,2,1
Mon Sep 26 15:14:44 2016,6796,-10486,-1692,-2602,1784,-4673,3223,13119,1043,978,439,0,0,0,199,206,133,2,1
Mon Sep 26 15:14:44 2016,6807,-11476,-3128,-5390,1725,-3897,2889,11926,1038,975,448,0,0,0,199,206,133,2,1
Mon Sep 26 15:14:44 2016,6817,-12064,-3546,-6404,1760,-3044,2641,11905,1039,977,438,0,0,0,199,206,133,2,1
Mon Sep 26 15:14:44 2016,6826,-13146,-2304,-5250,1479,-1758,2222,11906,1039,978,451,0,0,0,199,206,134,2,1
Mon Sep 26 15:14:44 2016,6837,-12778,-1134,-3942,739,-1090,1857,12393,1039,979,454,0,0,0,199,206,133,2,1
Mon Sep 26 15:14:44 2016,6846,-10888,-652,-2610,-909,-199,1383,11907,1040,982,441,0,0,0,199,206,134,2,1
Mon Sep 26 15:14:44 2016,6857,-10192,-894,-2270,-2052,788,1178,12725,1045,986,443,0,0,0,199,206,133,2,1
Mon Sep 26 15:14:44 2016,6866,-10210,-834,-678,-2381,1440,1145,12737,1044,983,439,0,0,0,199,206,134,2,1
Mon Sep 26 15:14:44 2016,6877,-10790,-174,680,-2637,2085,1014,13212,1046,987,440,0,0,0,199,206,133,2,1
Mon Sep 26 15:14:44 2016,6887,-11598,-194,2550,-2555,2266,998,12402,1042,983,445,0,0,0,199,206,133,2,1
Mon Sep 26 15:14:44 2016,6897,-12792,-94,4356,-1985,2052,1357,11881,1040,986,441,0,0,0,199,206,133,2,1
Mon Sep 26 15:14:44 2016,6907,-10474,420,4386,-1613,1785,1756,12837,1046,990,446,0,0,0,199,206,134,2,1
Mon Sep 26 15:14:44 2016,6917,-8706,80,2818,-1327,2124,2060,13085,1048,993,442,0,0,0,199,206,134,2,1
Mon Sep 26 15:14:44 2016,6927,31226,10184,7302,-3094,4031,3040,13106,1031,973,447,0,0,0,199,206,134,2,1
Mon Sep 26 15:14:45 2016,6937,17216,14948,13792,-5301,7558,353,13140,1024,962,455,0,0,0,199,206,133,2,1
Mon Sep 26 15:14:45 2016,6947,21802,-13056,-9886,-8901,10621,-4325,11935,1021,964,441,0,0,0,199,206,132,2,1
Mon Sep 26 15:14:45 2016,6957,-1920,-20254,5684,-3582,14656,-3243,12449,1028,973,435,0,0,0,199,206,132,2,1
Mon Sep 26 15:14:45 2016,6966,-4456,-8980,13132,-2083,16292,-1600,12713,1037,983,442,0,0,0,199,206,134,2,1
Mon Sep 26 15:14:45 2016,6978,-6262,-3382,6672,-1293,17303,-2904,13008,1051,993,442,0,0,0,199,206,133,2,1
Mon Sep 26 15:14:45 2016,6988,-32768,26054,32767,-4290,15839,-2920,13156,1087,1019,455,0,0,0,199,206,133,2,1
Mon Sep 26 15:14:45 2016,6998,-32768,8824,16320,-5466,9811,-5234,13244,1088,1041,439,0,0,0,199,206,133,2,1
Mon Sep 26 15:14:45 2016,7007,-7298,-30218,10362,-2684,5765,-3949,13171,1090,1040,445,0,0,0,199,206,133,2,1
Mon Sep 26 15:14:45 2016,7018,-9820,4206,16858,-3658,1962,-1021,13208,1096,1056,445,0,0,0,199,206,133,2,1
Mon Sep 26 15:14:45 2016,7027,-32768,-268,-1946,-2832,809,445,13238,1095,1062,441,0,0,0,199,206,133,2,1
Mon Sep 26 15:14:45 2016,7038,-1546,1644,7050,-2143,544,-548,13273,1094,1062,442,0,0,0,199,206,133,2,1
Mon Sep 26 15:14:45 2016,7048,-5390,-284,8060,-871,442,-573,13224,1094,1063,442,0,0,0,199,206,133,2,1
Mon Sep 26 15:14:45 2016,7058,-6240,2412,5822,-620,174,-514,12722,1092,1058,432,0,0,0,199,206,133,2,1
Mon Sep 26 15:14:45 2016,7068,-4486,328,7252,-486,-50,-537,13085,1093,1063,439,0,0,0,199,206,133,2,1
Mon Sep 26 15:14:45 2016,7078,-4804,1506,6940,-422,-147,-463,12780,1089,1064,441,0,0,0,199,206,133,2,1
Mon Sep 26 15:14:45 2016,7088,-4244,588,6876,-379,-295,-427,12251,1091,1059,427,0,0,0,199,206,133,2,1
Mon Sep 26 15:14:45 2016,7096,-3916,842,6974,-326,-251,-351,11881,1081,1057,445,0,0,0,199,206,132,2,1
Mon Sep 26 15:14:45 2016,7106,-4070,746,6708,-236,-133,-314,11885,1083,1057,440,0,0,0,199,206,132,2,1
Mon Sep 26 15:14:45 2016,7117,-3666,206,6780,-227,-4,-310,11884,1080,1057,429,0,0,0,199,206,131,2,1
Mon Sep 26 15:14:45 2016,7126,-3882,794,6892,-292,114,-325,11977,1086,1058,448,0,0,0,199,206,133,2,1
Mon Sep 26 15:14:45 2016,7137,-4284,188,7112,-286,221,-317,13003,1088,1062,449,0,0,0,199,206,131,2,1
Mon Sep 26 15:14:45 2016,7146,-4394,140,7082,-263,290,-221,11989,1082,1058,439,0,0,0,199,206,132,2,1
Mon Sep 26 15:14:45 2016,7157,-4502,1078,5882,-302,261,-195,11900,1081,1057,449,0,0,0,199,206,132,2,1
Mon Sep 26 15:14:45 2016,7167,-4676,428,3540,-237,632,-52,11891,1080,1059,444,0,0,0,199,206,134,2,1
Mon Sep 26 15:14:45 2016,7177,-3190,870,8546,-311,581,-69,11884,1079,1056,441,0,0,0,199,206,133,2,1
Mon Sep 26 15:14:45 2016,7187,-4078,1048,7292,-179,454,-121,13202,1087,1063,442,0,0,0,199,206,133,2,1
Mon Sep 26 15:14:45 2016,7197,-4152,826,6602,-169,348,-196,13219,1086,1061,442,0,0,0,199,206,133,2,1
Mon Sep 26 15:14:45 2016,7207,-4154,598,6770,-115,210,-282,13236,1086,1060,440,0,0,0,199,206,133,2,1
Mon Sep 26 15:14:45 2016,7217,-3936,530,6964,-142,159,-316,13220,1085,1059,440,0,0,0,199,206,133,2,1
Mon Sep 26 15:14:45 2016,7227,-4404,478,6868,-126,96,-358,13220,1085,1059,453,0,0,0,199,206,133,2,1
Mon Sep 26 15:14:45 2016,7237,-4456,618,6882,-121,64,-352,13082,1085,1056,438,0,0,0,199,206,133,2,1
Mon Sep 26 15:14:45 2016,7247,-4360,462,6664,-53,126,-285,13293,1085,1056,439,0,0,0,199,206,133,2,1
Mon Sep 26 15:14:45 2016,7257,-4292,548,6830,-68,133,-275,13146,1082,1055,437,0,0,0,199,206,134,2,1
Mon Sep 26 15:14:45 2016,7267,-4104,582,6916,-78,171,-285,11940,1078,1051,445,0,0,0,199,206,131,2,1
Mon Sep 26 15:14:45 2016,7277,-4184,518,6914,-88,199,-303,11838,1074,1047,442,0,0,0,199,206,131,2,1
Mon Sep 26 15:14:45 2016,7287,-4154,440,6910,-100,207,-307,11882,1074,1047,427,0,0,0,199,206,131,2,1
Mon Sep 26 15:14:45 2016,7298,-4306,542,6852,-54,171,-272,11963,1074,1045,426,0,0,0,199,206,133,2,1
Mon Sep 26 15:14:45 2016,7307,-4546,296,6814,-64,145,-275,11860,1074,1046,443,0,0,0,199,206,131,2,1
Mon Sep 26 15:14:45 2016,7317,-4758,128,7896,186,87,150,11909,1074,1043,460,0,0,0,199,206,132,2,1
Mon Sep 26 15:14:45 2016,7327,-4324,454,6526,-73,6,-197,11969,1074,1044,446,0,0,0,199,206,133,2,1
Mon Sep 26 15:14:45 2016,7337,-4180,462,6696,-63,14,-188,11903,1074,1042,441,0,0,0,199,206,131,2,1
Mon Sep 26 15:14:45 2016,7347,-4218,426,6970,-31,48,-205,11907,1073,1042,445,0,0,0,199,206,131,2,1
Mon Sep 26 15:14:45 2016,7357,-4296,338,6934,1,112,-182,11892,1073,1042,445,0,0,0,199,206,131,2,1
Mon Sep 26 15:14:45 2016,7367,-4352,118,6770,4,169,-140,12698,1080,1046,443,0,0,0,199,206,133,2,1
Mon Sep 26 15:14:45 2016,7376,-4142,140,6900,-19,135,-90,12196,1072,1044,438,0,0,0,199,206,132,2,1
Mon Sep 26 15:14:45 2016,7387,-4228,424,6922,-29,200,-47,11962,1071,1039,438,0,0,0,199,206,133,2,1
Mon Sep 26 15:14:45 2016,7397,-4236,386,6874,-4,259,-34,11885,1071,1038,441,0,0,0,199,206,131,2,1
Mon Sep 26 15:14:45 2016,7407,-4380,420,6786,14,317,-44,11949,1076,1038,451,0,0,0,199,206,131,2,1
Mon Sep 26 15:14:45 2016,7417,-4426,452,6832,18,322,-51,11896,1071,1036,454,0,0,0,199,206,131,2,1
Mon Sep 26 15:14:45 2016,7427,-4428,382,6734,17,282,-79,11925,1069,1034,443,0,0,0,199,206,131,2,1
Mon Sep 26 15:14:45 2016,7437,-4408,352,6678,3,219,-71,11849,1070,1031,440,0,0,0,199,206,131,2,1
Mon Sep 26 15:14:45 2016,7447,-4500,268,6814,3,180,-54,11849,1068,1030,445,0,0,0,199,206,131,2,1
Mon Sep 26 15:14:45 2016,7456,-4422,440,6756,-27,177,-32,13246,1076,1036,445,0,0,0,199,206,132,2,1
Mon Sep 26 15:14:45 2016,7467,-4574,612,6726,-14,141,-49,13154,1074,1035,445,0,0,0,199,206,132,2,1
Mon Sep 26 15:14:45 2016,7477,-4570,368,6536,-34,71,-53,13153,1075,1034,445,0,0,0,199,206,133,2,1
Mon Sep 26 15:14:45 2016,7487,-4382,270,6754,-28,-30,-65,13160,1073,1033,436,0,0,0,199,206,132,2,1
Mon Sep 26 15:14:45 2016,7497,-4528,226,6690,-50,-76,-44,13138,1074,1032,438,0,0,0,199,206,133,2,1
Mon Sep 26 15:14:45 2016,7507,-4316,386,6834,-66,-108,-23,13191,1073,1032,442,0,0,0,199,206,133,2,1
Mon Sep 26 15:14:45 2016,7517,-4390,496,6718,-62,-91,-40,13164,1071,1031,441,0,0,0,199,206,132,2,1
Mon Sep 26 15:14:45 2016,7527,-4430,298,6824,-40,-99,-35,13160,1071,1030,437,0,0,0,199,206,132,2,1
Mon Sep 26 15:14:45 2016,7537,-4316,434,6596,-51,-157,-24,13152,1071,1030,438,0,0,0,199,206,133,2,1
Mon Sep 26 15:14:45 2016,7547,-4460,764,6708,-16,-61,-56,13147,1070,1029,445,0,0,0,199,206,132,2,1
Mon Sep 26 15:14:45 2016,7557,-4242,316,6872,15,-8,-81,13256,1072,1029,441,0,0,0,199,206,133,2,1
Mon Sep 26 15:14:45 2016,7567,-4372,236,6820,23,63,-51,13192,1069,1027,439,0,0,0,199,206,133,2,1
Mon Sep 26 15:14:45 2016,7577,-4340,296,6836,11,79,-36,13227,1070,1027,442,0,0,0,199,206,132,2,1
Mon Sep 26 15:14:45 2016,7587,-4368,356,6760,-12,58,-20,13206,1068,1026,442,0,0,0,199,206,133,2,1
Mon Sep 26 15:14:45 2016,7597,-4062,342,6884,3,7,-12,13207,1068,1025,441,0,0,0,199,206,132,2,1
Mon Sep 26 15:14:45 2016,7607,-4228,392,6822,3,64,-12,13192,1067,1025,439,0,0,0,199,206,133,2,1
Mon Sep 26 15:14:45 2016,7618,-4290,328,6808,16,67,-11,11870,1060,1020,441,0,0,0,199,206,131,2,1
Mon Sep 26 15:14:45 2016,7628,-4214,498,6882,13,80,-28,11896,1061,1020,437,0,0,0,199,206,131,2,1
Mon Sep 26 15:14:45 2016,7638,-4298,442,6750,28,105,-41,11894,1060,1020,445,0,0,0,199,206,131,2,1
Mon Sep 26 15:14:45 2016,7648,-4134,382,6812,35,94,-50,13027,1059,1024,443,0,0,0,199,206,131,2,1
Mon Sep 26 15:14:45 2016,7657,-4174,418,6982,70,145,-48,12026,1060,1021,450,0,0,0,199,206,132,2,1
Mon Sep 26 15:14:45 2016,7666,-4238,280,6860,66,210,-70,11887,1059,1018,435,0,0,0,199,206,131,2,1
Mon Sep 26 15:14:45 2016,7677,-4330,242,6832,64,300,-35,11882,1059,1019,449,0,0,0,199,206,132,2,1
Mon Sep 26 15:14:45 2016,7687,-4382,308,6766,61,343,-24,11828,1059,1019,448,0,0,0,199,206,131,2,1
Mon Sep 26 15:14:45 2016,7696,-4444,288,6660,47,340,-18,11827,1059,1018,448,0,0,0,199,206,131,2,1
Mon Sep 26 15:14:45 2016,7707,-4424,294,6760,38,326,0,11973,1062,1018,442,0,0,0,199,206,131,2,1
Mon Sep 26 15:14:45 2016,7716,-4378,462,6782,37,321,11,11892,1059,1018,448,0,0,0,199,206,132,2,1
Mon Sep 26 15:14:45 2016,7727,-4446,540,6804,47,332,-23,11822,1062,1019,442,0,0,0,199,206,131,2,1
Mon Sep 26 15:14:45 2016,7736,-4432,452,6718,42,346,-47,11856,1059,1019,456,0,0,0,199,206,131,2,1
Mon Sep 26 15:14:45 2016,7747,-4454,444,6748,27,325,-77,11851,1060,1018,442,0,0,0,199,206,131,2,1
Mon Sep 26 15:14:45 2016,7756,-4454,578,6656,32,309,-90,11901,1061,1021,444,0,0,0,199,206,131,2,1
Mon Sep 26 15:14:45 2016,7767,-4328,482,6732,41,360,-130,11979,1059,1019,442,0,0,0,199,206,131,2,1
Mon Sep 26 15:14:45 2016,7777,-4432,398,6748,38,400,-133,11827,1058,1019,441,0,0,0,199,206,131,2,1
Mon Sep 26 15:14:45 2016,7787,-4424,252,6694,51,466,-133,13108,1066,1024,442,0,0,0,199,206,131,2,1
Mon Sep 26 15:14:45 2016,7797,-4540,182,6696,48,497,-113,11857,1060,1017,420,0,0,0,199,206,131,2,1
Mon Sep 26 15:14:45 2016,7807,-4532,178,6630,52,542,-88,11940,1061,1020,444,0,0,0,199,206,131,2,1
Mon Sep 26 15:14:45 2016,7817,-4584,172,6670,54,561,-65,11885,1059,1018,425,0,0,0,199,206,132,2,1
Mon Sep 26 15:14:45 2016,7827,-4624,214,6610,51,564,-29,11863,1059,1020,442,0,0,0,199,206,131,2,1
Mon Sep 26 15:14:45 2016,7837,-4676,312,6564,42,545,6,11937,1058,1018,423,0,0,0,199,206,132,2,1
Mon Sep 26 15:14:45 2016,7847,-4720,400,6466,46,504,4,13186,1067,1024,441,0,0,0,199,206,132,2,1
Mon Sep 26 15:14:45 2016,7857,-4754,394,6460,30,425,2,11954,1059,1017,449,0,0,0,199,206,132,2,1
Mon Sep 26 15:14:45 2016,7868,-4712,382,6432,28,308,-18,11898,1059,1020,442,0,0,0,199,206,132,2,1
Mon Sep 26 15:14:45 2016,7878,-4788,532,6536,47,269,-21,12118,1063,1016,452,0,0,0,199,206,133,2,1
Mon Sep 26 15:14:45 2016,7888,-4682,446,6500,49,229,-46,11888,1059,1018,441,0,0,0,199,206,131,2,1
Mon Sep 26 15:14:45 2016,7897,-4744,312,6134,41,178,-54,11917,1058,1018,445,0,0,0,199,206,131,2,1
Mon Sep 26 15:14:45 2016,7907,-4604,434,6552,39,91,-76,12178,1066,1023,442,0,0,0,199,206,131,2,1
Mon Sep 26 15:14:45 2016,7917,-4784,264,6488,69,65,-56,11961,1059,1017,443,0,0,0,199,206,131,2,1
Mon Sep 26 15:14:45 2016,7927,-4756,224,6356,48,26,-50,12954,1066,1023,442,0,0,0,199,206,131,2,1
Mon Sep 26 15:14:46 2016,7937,-4714,290,6432,31,-62,-28,13275,1065,1022,439,0,0,0,199,206,133,2,1
Mon Sep 26 15:14:46 2016,7947,-4744,416,6494,15,-93,-37,11917,1058,1017,455,0,0,0,199,206,131,2,1
Mon Sep 26 15:14:46 2016,7957,-4692,316,6512,15,-127,-40,11912,1057,1017,438,0,0,0,199,206,132,2,1
Mon Sep 26 15:14:46 2016,7967,-4706,418,6510,22,-154,-38,12071,1058,1018,431,0,0,0,199,206,131,2,1
Mon Sep 26 15:14:46 2016,7977,-4724,314,6478,20,-185,-43,12034,1058,1017,430,0,0,0,199,206,131,2,1
Mon Sep 26 15:14:46 2016,7987,-4590,362,6606,6,-206,-26,11869,1057,1018,441,0,0,0,199,206,131,2,1
Mon Sep 26 15:14:46 2016,7997,-4598,432,6664,21,-206,-11,11866,1058,1017,439,0,0,0,199,206,131,2,1
Mon Sep 26 15:14:46 2016,8007,-4578,396,6670,39,-187,-23,11860,1058,1018,439,0,0,0,199,206,131,2,1
Mon Sep 26 15:14:46 2016,8017,-4580,376,6654,41,-160,-32,12127,1061,1018,437,0,0,0,199,206,131,2,1
Mon Sep 26 15:14:46 2016,8026,-4562,368,6616,36,-145,-42,11863,1059,1018,435,0,0,0,199,206,131,2,1
Mon Sep 26 15:14:46 2016,8037,-4572,384,6664,35,-116,-42,11860,1058,1017,435,0,0,0,199,206,131,2,1
Mon Sep 26 15:14:46 2016,8047,-4520,358,6702,40,-96,-35,11892,1058,1017,443,0,0,0,199,206,130,2,1
Mon Sep 26 15:14:46 2016,8057,-4518,374,6722,31,-31,-36,11905,1064,1019,447,0,0,0,199,206,131,2,1
Mon Sep 26 15:14:46 2016,8067,-4560,400,6640,38,-15,-24,12039,1059,1018,445,0,0,0,199,206,131,2,1
Mon Sep 26 15:14:46 2016,8077,-4564,374,6596,53,39,-30,11910,1059,1017,443,0,0,0,199,206,131,2,1
Mon Sep 26 15:14:46 2016,8086,-4546,356,6578,66,61,-17,11917,1058,1017,436,0,0,0,199,206,132,2,1
Mon Sep 26 15:14:46 2016,8097,-4500,450,6556,60,116,-42,11929,1059,1017,441,0,0,0,199,206,131,2,1
Mon Sep 26 15:14:46 2016,8106,-4550,466,6592,53,155,-51,11934,1059,1017,440,0,0,0,199,206,131,2,1
Mon Sep 26 15:14:46 2016,8117,-4584,310,6600,72,190,-50,12034,1058,1018,449,0,0,0,199,206,131,2,1
Mon Sep 26 15:14:46 2016,8127,-4624,364,6578,50,194,-55,11901,1059,1017,444,0,0,0,199,206,131,2,1
Mon Sep 26 15:14:46 2016,8138,-4666,326,6466,59,187,-47,11952,1059,1017,445,0,0,0,199,206,131,2,1
Mon Sep 26 15:14:46 2016,8147,-4706,286,6494,42,150,-26,11966,1059,1016,439,0,0,0,199,206,131,2,1
Mon Sep 26 15:14:46 2016,8158,-4784,422,6466,38,104,-27,11966,1059,1017,459,0,0,0,199,206,131,2,1
Mon Sep 26 15:14:46 2016,8167,-4740,440,6596,41,84,-29,12066,1059,1017,442,0,0,0,199,206,131,2,1
Mon Sep 26 15:14:46 2016,8177,-4720,342,6510,37,37,-32,11967,1059,1017,456,0,0,0,199,206,131,2,1
Mon Sep 26 15:14:46 2016,8187,-4624,370,6706,41,9,-23,11889,1057,1018,444,0,0,0,199,206,131,2,1
Mon Sep 26 15:14:46 2016,8197,-4648,464,6550,29,-16,-49,11988,1058,1017,444,0,0,0,199,206,131,2,1
Mon Sep 26 15:14:46 2016,8206,-4688,382,6456,35,-42,-43,11905,1057,1017,446,0,0,0,199,206,131,2,1
Mon Sep 26 15:14:46 2016,8217,-4614,388,6564,30,-76,-44,11843,1058,1017,439,0,0,0,199,206,131,2,1
Mon Sep 26 15:14:46 2016,8227,-4694,472,6552,29,-93,-31,11902,1059,1016,441,0,0,0,199,206,131,2,1
Mon Sep 26 15:14:46 2016,8237,-4520,414,6882,27,-72,-28,11844,1059,1017,429,0,0,0,199,206,131,2,1
Mon Sep 26 15:14:46 2016,8247,-4680,510,6238,20,-149,-48,12046,1059,1016,444,0,0,0,199,206,131,2,1
Mon Sep 26 15:14:46 2016,8257,-4548,400,6554,15,-105,-56,11883,1059,1017,427,0,0,0,199,206,131,2,1
Mon Sep 26 15:14:46 2016,8267,-4630,412,6628,33,-96,-67,11926,1060,1016,430,0,0,0,199,206,131,2,1
Mon Sep 26 15:14:46 2016,8277,-4604,400,6584,28,-96,-66,11853,1058,1017,438,0,0,0,199,206,131,2,1
Mon Sep 26 15:14:46 2016,8287,-4538,366,6572,31,-95,-63,11871,1060,1018,430,0,0,0,199,206,131,2,1
Mon Sep 26 15:14:46 2016,8297,-4540,318,6664,25,-73,-74,11853,1058,1018,429,0,0,0,199,206,131,2,1
Mon Sep 26 15:14:46 2016,8307,-4670,350,6480,22,27,-59,11856,1059,1018,436,0,0,0,199,206,131,2,1
Mon Sep 26 15:14:46 2016,8317,-4550,312,6542,33,20,-52,11913,1058,1017,434,0,0,0,199,206,131,2,1
Mon Sep 26 15:14:46 2016,8327,-4612,340,6538,39,61,-40,12728,1059,1017,442,0,0,0,199,206,131,2,1
Mon Sep 26 15:14:46 2016,8337,-4578,404,6590,51,80,-28,11908,1059,1017,440,0,0,0,199,206,131,2,1
Mon Sep 26 15:14:46 2016,8347,-4558,408,6708,53,111,-30,12074,1062,1021,445,0,0,0,199,206,131,2,1
Mon Sep 26 15:14:46 2016,8356,-4578,448,6662,58,131,-35,11908,1060,1017,452,0,0,0,199,206,131,2,1
Mon Sep 26 15:14:46 2016,8367,-4652,362,6512,47,171,-37,11912,1059,1017,444,0,0,0,199,206,131,2,1
Mon Sep 26 15:14:46 2016,8377,-4680,416,6556,53,170,-51,11968,1061,1020,446,0,0,0,199,206,131,2,1
Mon Sep 26 15:14:46 2016,8387,-4670,392,6526,36,183,-35,11921,1058,1017,439,0,0,0,199,206,131,2,1
Mon Sep 26 15:14:46 2016,8397,-4692,376,6492,50,176,-45,11920,1058,1017,448,0,0,0,199,206,131,2,1
Mon Sep 26 15:14:46 2016,8407,-4700,388,6556,40,142,-34,11926,1059,1017,438,0,0,0,199,206,131,2,1
Mon Sep 26 15:14:46 2016,8417,-4676,486,6496,35,123,-53,11913,1059,1017,435,0,0,0,199,206,131,2,1
Mon Sep 26 15:14:46 2016,8427,-4668,392,6530,41,120,-58,11913,1059,1018,425,0,0,0,199,206,131,2,1
Mon Sep 26 15:14:46 2016,8437,-4682,418,6606,37,95,-68,11832,1057,1018,424,0,0,0,199,206,131,2,1
Mon Sep 26 15:14:46 2016,8447,-4652,430,6584,31,91,-80,11866,1060,1018,448,0,0,0,199,206,130,2,1
Mon Sep 26 15:14:46 2016,8457,-4654,370,6528,40,81,-77,11842,1058,1018,425,0,0,0,199,206,131,2,1
Mon Sep 26 15:14:46 2016,8468,-4642,356,6560,47,80,-70,12036,1059,1018,451,0,0,0,199,206,132,2,1
Mon Sep 26 15:14:46 2016,8478,-4634,316,6584,32,79,-48,11880,1058,1017,438,0,0,0,199,206,131,2,1
Mon Sep 26 15:14:46 2016,8488,-4704,428,6524,28,89,-54,11857,1059,1017,434,0,0,0,199,206,131,2,1
Mon Sep 26 15:14:46 2016,8497,-5018,474,6218,51,103,-75,11879,1059,1018,451,0,0,0,199,206,131,2,1
Mon Sep 26 15:14:46 2016,8507,-4688,364,6594,25,125,-64,11901,1058,1019,439,0,0,0,199,206,131,2,1
Mon Sep 26 15:14:46 2016,8516,-4696,350,6566,34,100,-52,11950,1057,1017,442,0,0,0,199,206,131,2,1
Mon Sep 26 15:14:46 2016,8527,-4738,394,6552,33,90,-40,11967,1058,1018,452,0,0,0,199,206,131,2,1
Mon Sep 26 15:14:46 2016,8537,-4710,372,6466,36,66,-38,11839,1057,1017,452,0,0,0,199,206,131,2,1
Mon Sep 26 15:14:46 2016,8547,-4662,424,6598,34,60,-55,11843,1058,1017,444,0,0,0,199,206,131,2,1
Mon Sep 26 15:14:46 2016,8557,-4674,452,6548,31,60,-58,12765,1065,1022,453,0,0,0,199,206,130,2,1
Mon Sep 26 15:14:46 2016,8567,-4648,424,6600,36,85,-73,11915,1059,1018,431,0,0,0,199,206,132,2,1
Mon Sep 26 15:14:46 2016,8577,-4666,406,6570,50,118,-68,12082,1065,1016,450,0,0,0,199,206,131,2,1
Mon Sep 26 15:14:46 2016,8587,-4724,348,6458,46,140,-59,11892,1060,1017,441,0,0,0,199,206,133,2,1
Mon Sep 26 15:14:46 2016,8597,-4738,318,6494,59,140,-46,11879,1059,1017,438,0,0,0,199,206,131,2,1
Mon Sep 26 15:14:46 2016,8607,-4680,404,6496,49,129,-39,11936,1059,1017,446,0,0,0,199,206,131,2,1
Mon Sep 26 15:14:46 2016,8617,-4642,412,6608,58,141,-25,11904,1060,1017,448,0,0,0,199,206,131,2,1
Mon Sep 26 15:14:46 2016,8627,-4704,438,6460,42,172,-36,11916,1060,1018,439,0,0,0,199,206,131,2,1
Mon Sep 26 15:14:46 2016,8637,-4680,388,6538,47,177,-38,11884,1059,1017,440,0,0,0,199,206,131,2,1
Mon Sep 26 15:14:46 2016,8647,-4796,368,6592,61,204,-60,11914,1059,1018,445,0,0,0,199,206,131,2,1
Mon Sep 26 15:14:46 2016,8657,-4740,362,6492,55,189,-37,11893,1061,1016,429,0,0,0,199,206,131,2,1
Mon Sep 26 15:14:46 2016,8667,-4698,412,6482,56,196,-39,13187,1067,1022,442,0,0,0,199,206,131,2,1
Mon Sep 26 15:14:46 2016,8677,-4742,358,6542,52,195,-14,11905,1060,1017,430,0,0,0,199,206,132,2,1
Mon Sep 26 15:14:46 2016,8687,-4740,450,6556,51,208,-30,11827,1059,1018,439,0,0,0,199,206,131,2,1
Mon Sep 26 15:14:46 2016,8696,-4796,446,6484,60,206,-37,11828,1059,1016,447,0,0,0,199,206,131,2,1
Mon Sep 26 15:14:46 2016,8707,-4834,358,6430,59,190,-41,11910,1059,1017,440,0,0,0,199,206,131,2,1
Mon Sep 26 15:14:46 2016,8717,-4860,374,6450,45,167,-49,11830,1058,1017,439,0,0,0,199,206,130,2,1
Mon Sep 26 15:14:46 2016,8727,-4792,334,6418,52,130,-31,12150,1066,1023,428,0,0,0,199,206,131,2,1
Mon Sep 26 15:14:46 2016,8736,-4768,422,6440,50,130,-33,13135,1066,1022,439,0,0,0,199,206,132,2,1
Mon Sep 26 15:14:46 2016,8747,-4738,376,6418,48,116,-24,11864,1058,1017,434,0,0,0,199,206,132,2,1
Mon Sep 26 15:14:46 2016,8757,-4802,384,6454,58,114,-34,11980,1059,1016,434,0,0,0,199,206,130,2,1
Mon Sep 26 15:14:46 2016,8767,-4820,388,6346,53,104,-35,11907,1059,1017,428,0,0,0,199,206,131,2,1
Mon Sep 26 15:14:46 2016,8777,-4812,362,6418,54,80,-28,11891,1061,1018,440,0,0,0,199,206,131,2,1
Mon Sep 26 15:14:46 2016,8788,-4842,386,6480,40,57,-32,11830,1059,1017,434,0,0,0,199,206,131,2,1
Mon Sep 26 15:14:46 2016,8798,-4804,396,6450,45,28,-31,11865,1060,1016,452,0,0,0,199,206,131,2,1
Mon Sep 26 15:14:46 2016,8808,-4822,452,6494,36,34,-44,12228,1065,1022,441,0,0,0,199,206,130,2,1
Mon Sep 26 15:14:46 2016,8818,-4796,374,6476,31,31,-41,12700,1062,1016,441,0,0,0,199,206,132,2,1
Mon Sep 26 15:14:46 2016,8827,-4798,438,6474,29,34,-55,12696,1059,1017,441,0,0,0,199,206,133,2,1
Mon Sep 26 15:14:46 2016,8838,-4840,442,6392,35,11,-57,12669,1064,1021,439,0,0,0,199,206,131,2,1
Mon Sep 26 15:14:46 2016,8848,-4800,378,6458,33,-5,-43,12696,1061,1020,444,0,0,0,199,206,131,2,1
Mon Sep 26 15:14:46 2016,8858,-4812,418,6408,36,-15,-43,13193,1064,1020,441,0,0,0,199,206,133,2,1
Mon Sep 26 15:14:46 2016,8868,-4838,384,6452,36,-16,-34,13203,1062,1016,440,0,0,0,199,206,132,2,1
Mon Sep 26 15:14:46 2016,8878,-4816,368,6450,48,-14,-30,13236,1064,1020,442,0,0,0,199,206,132,2,1
Mon Sep 26 15:14:46 2016,8888,-4768,456,6410,26,-13,-57,13135,1064,1019,439,0,0,0,199,206,133,2,1
Mon Sep 26 15:14:46 2016,8897,-4810,448,6394,43,3,-66,13210,1062,1019,443,0,0,0,199,206,133,2,1
Mon Sep 26 15:14:46 2016,8907,-4792,336,6430,43,27,-60,13206,1064,1019,439,0,0,0,199,206,133,2,1
Mon Sep 26 15:14:46 2016,8917,-4822,350,6466,52,43,-54,12729,1063,1018,445,0,0,0,199,206,133,2,1
Mon Sep 26 15:14:46 2016,8928,-4786,324,6478,46,50,-31,13138,1063,1019,441,0,0,0,199,206,133,2,1
Mon Sep 26 15:14:47 2016,8937,-4820,388,6418,45,66,-41,13148,1062,1017,439,0,0,0,199,206,133,2,1
Mon Sep 26 15:14:47 2016,8947,-4876,448,6362,52,55,-33,13153,1063,1017,440,0,0,0,199,206,133,2,1
Mon Sep 26 15:14:47 2016,8957,-4728,398,6410,42,61,-24,11841,1054,1011,435,0,0,0,199,206,133,2,1
Mon Sep 26 15:14:47 2016,8967,-4812,420,6532,38,69,-20,11841,1056,1013,442,0,0,0,199,206,132,2,1
Mon Sep 26 15:14:47 2016,8977,-4818,376,6442,46,76,-29,11842,1055,1011,434,0,0,0,199,206,131,2,1
Mon Sep 26 15:14:47 2016,8987,-4814,378,6426,42,70,-15,11908,1056,1012,440,0,0,0,199,206,134,2,1
Mon Sep 26 15:14:47 2016,8997,-4816,446,6454,38,73,-18,11847,1054,1012,445,0,0,0,199,206,132,2,1
Mon Sep 26 15:14:47 2016,9006,-4746,454,6488,43,73,-31,11820,1055,1013,427,0,0,0,199,206,132,2,1
Mon Sep 26 15:14:47 2016,9017,-4836,394,6392,40,84,-35,11997,1059,1013,430,0,0,0,199,206,134,2,1
Mon Sep 26 15:14:47 2016,9027,-4828,402,6464,49,86,-37,13074,1063,1018,448,0,0,0,199,206,132,2,1
Mon Sep 26 15:14:47 2016,9037,-4884,368,6368,55,80,-38,13198,1063,1016,438,0,0,0,199,206,134,2,1
Mon Sep 26 15:14:47 2016,9047,-4864,382,6376,51,68,-20,13168,1061,1017,443,0,0,0,199,206,135,2,1
Mon Sep 26 15:14:47 2016,9057,-4840,396,6364,57,52,-15,13161,1061,1017,441,0,0,0,199,206,135,2,1
Mon Sep 26 15:14:47 2016,9067,-4810,424,6444,57,29,1,13246,1061,1017,441,0,0,0,199,206,133,2,1
Mon Sep 26 15:14:47 2016,9077,-4858,458,6418,56,23,-14,13240,1062,1017,439,0,0,0,199,206,133,2,1
Mon Sep 26 15:14:47 2016,9087,-4834,450,6406,48,20,-28,13309,1061,1017,441,0,0,0,199,206,133,2,1
Mon Sep 26 15:14:47 2016,9097,-4828,470,6280,44,3,-46,13319,1061,1015,441,0,0,0,199,206,132,2,1
Mon Sep 26 15:14:47 2016,9107,-4768,432,6714,51,-6,-30,13208,1061,1016,441,0,0,0,199,206,132,2,1
Mon Sep 26 15:14:47 2016,9117,-4848,502,6398,43,-11,-34,13192,1061,1016,441,0,0,0,199,206,132,2,1
Mon Sep 26 15:14:47 2016,9127,-4812,456,6438,55,1,-39,13206,1060,1015,438,0,0,0,199,206,133,2,1
Mon Sep 26 15:14:47 2016,9137,-4790,418,6448,41,8,-40,13199,1060,1014,438,0,0,0,199,206,133,2,1
Mon Sep 26 15:14:47 2016,9147,-4848,442,6454,39,10,-40,13217,1060,1014,438,0,0,0,199,206,132,2,1
Mon Sep 26 15:14:47 2016,9157,-4862,406,6438,48,29,-39,13216,1060,1013,441,0,0,0,199,206,133,2,1
Mon Sep 26 15:14:47 2016,9167,-4922,404,6410,47,17,-43,13245,1061,1014,439,0,0,0,199,206,132,2,1
Mon Sep 26 15:14:47 2016,9177,-4850,446,6416,47,-3,-31,13272,1059,1012,440,0,0,0,199,206,133,2,1
Mon Sep 26 15:14:47 2016,9187,-4822,430,6516,57,-11,-26,13194,1059,1013,441,0,0,0,199,206,133,2,1
Mon Sep 26 15:14:47 2016,9197,-4838,456,6362,28,0,-34,13175,1058,1010,437,0,0,0,199,206,133,2,1
Mon Sep 26 15:14:47 2016,9207,-4834,438,6454,41,-15,-43,13148,1059,1012,446,0,0,0,199,206,132,2,1
Mon Sep 26 15:14:47 2016,9216,-4844,420,6410,40,-7,-41,13162,1058,1011,439,0,0,0,199,206,132,2,1
Mon Sep 26 15:14:47 2016,9227,-4886,436,6402,43,-7,-28,13146,1059,1011,437,0,0,0,199,206,132,2,1
Mon Sep 26 15:14:47 2016,9236,-4842,400,6348,40,-29,-39,13163,1057,1010,438,0,0,0,199,206,132,2,1
Mon Sep 26 15:14:47 2016,9246,-4840,500,6456,32,-37,-36,13163,1057,1011,438,0,0,0,199,206,133,2,1
Mon Sep 26 15:14:47 2016,9256,-4856,436,6408,30,-49,-43,13158,1056,1011,437,0,0,0,199,206,132,2,1
Mon Sep 26 15:14:47 2016,9267,-4840,466,6466,30,-52,-49,13179,1057,1010,438,0,0,0,199,206,133,2,1
Mon Sep 26 15:14:47 2016,9277,-4850,466,6432,27,-48,-56,13145,1055,1010,438,0,0,0,199,206,132,2,1
Mon Sep 26 15:14:47 2016,9286,-4818,404,6460,31,-59,-55,13161,1056,1010,441,0,0,0,199,206,133,2,1
Mon Sep 26 15:14:47 2016,9296,-4778,456,6396,24,-88,-57,13145,1055,1011,439,0,0,0,199,206,133,2,1
Mon Sep 26 15:14:47 2016,9307,-4786,426,6410,32,-76,-46,13146,1056,1010,440,0,0,0,199,206,133,2,1
Mon Sep 26 15:14:47 2016,9317,-4830,418,6448,29,-80,-45,11884,1048,1004,438,0,0,0,199,206,133,2,1
Mon Sep 26 15:14:47 2016,9326,-4764,398,6512,37,-81,-47,11987,1053,1010,444,0,0,0,199,206,133,2,1
Mon Sep 26 15:14:47 2016,9336,-4790,448,6446,42,-57,-41,11863,1049,1005,441,0,0,0,199,206,133,2,1
Mon Sep 26 15:14:47 2016,9347,-4770,434,6466,35,-33,-54,11922,1050,1008,426,0,0,0,199,206,133,2,1
Mon Sep 26 15:14:47 2016,9357,-4768,400,6452,28,-25,-57,11928,1049,1005,437,0,0,0,199,206,132,2,1
Mon Sep 26 15:14:47 2016,9367,-4798,396,6476,32,-14,-48,11884,1051,1006,437,0,0,0,199,206,133,2,1
Mon Sep 26 15:14:47 2016,9376,-4830,384,6458,33,-12,-37,11907,1049,1005,449,0,0,0,199,206,133,2,1
Mon Sep 26 15:14:47 2016,9387,-4782,388,6406,29,-23,-42,11888,1051,1005,434,0,0,0,199,206,133,2,1

